id,rank,frequency,active_count,ablation_mse_increase,additive_benefit_share,output_energy
29,512,0.7530532193693154,43964,0.22147699252006559,0.30494514897639013,0.22107877311994698
23,512,0.045185933779825625,2638,0.02091682016664724,0.0302526900194608,0.02039523075933792
207,256,0.03247631935047361,1896,0.012811950247838986,0.01830407425373833,0.012262119817430743
67,512,0.03982460046933078,2325,0.010244176407659844,0.016847339411535114,0.010429907630414929
19,512,0.03492574639009267,2039,0.006017694469427793,0.010980184151899691,0.006275282972663209
668,64,0.03802607012555455,2220,0.0059537197116742175,0.008217349065618756,0.006030374081251063
15,512,0.0084273993251229,492,0.004797985509863162,0.006987130967505507,0.00480678990779107
7,512,0.010619893458488208,620,0.0039208618128773924,0.006268104394840279,0.0037757422432306747
2221,32,0.012555454685599767,733,0.00366963645961553,0.006245075910614437,0.003648913970690866
414,128,0.01574142272314623,919,0.004518416657309026,0.006242046705276792,0.0044835161838932365
26,512,0.012726743289768932,743,0.0042309069263807165,0.00618839099762666,0.004194289762272468
51,512,0.013480413148113256,787,0.003763110838179992,0.006139956427172651,0.003445717047741266
1986,32,0.028057073362909166,1638,0.004038688244520765,0.0056750431314744896,0.0040324278314043255
2298,32,0.02053750363988284,1199,0.003703761328200565,0.00515791954916054,0.0037618986828979245
24,512,0.009900481320977716,578,0.002510824082683609,0.004295075529700802,0.0024566587655717965
1346,32,0.013223480241859509,772,0.002958261839602228,0.004263327693747014,0.0028926505571368853
1070,64,0.008513043627207482,497,0.002706911966428744,0.003937333866069663,0.002689481237719943
373,128,0.0066117401209297546,386,0.001965855451401911,0.003891689625600564,0.0019997566345733198
1705,32,0.002997550572960381,175,0.002311250743531018,0.003858098602911261,0.0022708747993014852
1313,32,0.006132132029256093,358,0.0019147482339146448,0.003728772613652931,0.0019025724962198265
461,128,0.008119079837618403,474,0.0023029539049093124,0.0036969799885874254,0.00230588592535684
97,256,0.00479608091673661,280,0.002349466542048189,0.003586417702184871,0.002262964703709148
156,256,0.007382538839690996,431,0.0022816463869229486,0.0034404923004090807,0.002165609607450523
76,512,0.0029804217125434644,174,0.0019168421615945216,0.003363064205895035,0.001968816620409892
423,128,0.01046573371473596,611,0.0027872958190790077,0.0033167150745129687,0.0027868461550487828
13,512,0.004813209777153526,281,0.0022642656046636764,0.003236720134321095,0.0020745543126377444
41,512,0.008410270464705983,491,0.00190746973928116,0.003177146770598189,0.0017782022560944106
368,128,0.0033572566417156267,196,0.0020676557235026045,0.0030036656775833817,0.002012358725007654
228,256,0.0032030968979633785,187,0.002271058387026137,0.0029997118938396225,0.0023230061446776465
304,128,0.0025350713417036366,148,0.0018630016684905836,0.002999263942621005,0.0018395110176849482
1891,32,0.0166492523252428,972,0.0020966467184729658,0.0029660630633079194,0.002053736576540914
232,256,0.015313201212723318,894,0.001791517663591312,0.0029375624964307237,0.0015774937479398113
4,512,0.005789554820917764,338,0.0018035266723872595,0.0025884905098723533,0.0018627096314083192
655,64,0.006783028725098919,396,0.0017782536866332063,0.002567185783775019,0.0017680192248544905
1107,64,0.00673164214384817,393,0.001676703380605438,0.00254342294437734,0.0016266360028229776
5,512,0.005361333310494853,313,0.0012830019325941386,0.0022662303955696406,0.0014462787636472189
68,512,0.007433925420941745,434,0.0014789210460698873,0.002263911091155263,0.0014247737265558576
1511,32,0.006234905191757592,364,0.0017907418568562173,0.002203904925026211,0.0017657874513898801
651,64,0.0040595399188092015,237,0.001276700090785974,0.0021063859876163547,0.001294140354587813
163,256,0.0063890649355098405,373,0.0013824952584855577,0.0020623366950229473,0.0012941259317972586
871,64,0.012778129871019681,746,0.0007551864755753138,0.0020615565045140416,0.0007583369533845074
1093,64,0.004299343964646032,251,0.00137196538013969,0.002030732424497065,0.0013601761852465068
226,256,0.007039961631352666,411,0.0011704321298217036,0.001962600646904634,0.001200618749266732
0,512,0.0066459978417635875,388,0.00119907395631104,0.0019506538855662413,0.0012164308945747677
1779,32,0.004761823195902777,278,0.0013528297563413989,0.001915909749544359,0.0013278071878829556
2229,32,0.007091348212603416,414,0.0014890724153094346,0.0018536319397162977,0.001480752252049568
199,256,0.0034257720833832926,200,0.0010711607980253607,0.001852843479709012,0.0010870600217979072
121,256,0.007862146931364656,459,0.0010716568769546695,0.0018389185414919773,0.0009079728153213764
177,256,0.007622342885527826,445,0.0011166906953332717,0.001821483510586225,0.0011426268771194553
165,256,0.0033229989208817937,194,0.0009240846988549121,0.0017991743910951727,0.0009135128108944752
45,512,0.004847467497987359,283,0.0011038100196809903,0.0017802507856418755,0.0010406516786530787
47,512,0.0025693290625374695,150,0.0009417817093565567,0.0017647706940143353,0.0009219375111371832
984,64,0.0008735718812627396,51,0.0012653302553746282,0.0017458300866207276,0.0013237536869322526
348,128,0.0035628029667186243,208,0.0007957043335873153,0.0017427502864260749,0.0007787649069482381
2036,32,0.00537846217091177,314,0.0012694707378784387,0.0017361043972038326,0.001262217412474826
161,256,0.004247957383395283,248,0.00112526389646562,0.0016918828850748635,0.001172183654782902
684,64,0.005464106472996352,319,0.0011353179412278967,0.0016886990541547214,0.001090985699622572
391,128,0.0028776485500419655,168,0.0010699693597564124,0.0016497448802437402,0.0010628638391298236
2470,32,0.0035628029667186243,208,0.000909213172916169,0.001641198258981307,0.0009078280263474632
2159,32,0.003117452595878796,182,0.0011805430181901708,0.0016310507155701955,0.0011803663123460724
2215,32,0.0022438807146160566,131,0.0011537832251161174,0.0016158525753806065,0.0011779835645767105
715,64,0.002654973364622052,155,0.0009863084465108556,0.0016091944106415889,0.0010262773469527178
587,64,0.002004076668779226,117,0.0011678658762724634,0.0016088070692921266,0.0011578694517603758
20,512,0.006560353539679005,383,0.0009828837920337048,0.0015904490552404197,0.0009074093261024563
42,512,0.002329525016700639,136,0.0009697461269229389,0.0015848606086142217,0.0010108276109480952
326,128,0.00479608091673661,280,0.0006828747809686726,0.0015593961998912036,0.0006392068336896213
1760,32,0.006046487727171511,353,0.00042227111756905296,0.0015410373817796455,0.00043617579373554416
174,256,0.003408643222966376,199,0.0008372153787495627,0.0015402135647970801,0.0009320708202643126
78,512,0.0025350713417036366,148,0.0011010628508391486,0.0015134702650396506,0.0010225509897259075
200,256,0.0030660660146280467,179,0.0009230463464075389,0.0014646897089852587,0.0008283158906698901
852,64,0.0022096229937822237,129,0.0009728963686304299,0.0014415504594235354,0.0009885855720108974
2417,32,0.0021239786916976413,124,0.0007464672198252673,0.0014241347653450255,0.0007506170967243057
127,256,0.0017985303437762286,105,0.0009522638907237002,0.0014015349259673706,0.0009019039014989864
1801,32,0.0019526900875284766,114,0.0006345412069393548,0.0013878664864977214,0.0006652746291059386
317,128,0.004230828522978366,247,0.000777283778866192,0.001386293793888732,0.0007613838471410878
819,64,0.0015415974375224816,90,0.0005986855543062682,0.001378255512529931,0.0006473346121707605
2393,32,0.0036484472688032067,213,0.0008306878955956262,0.0013560110297047437,0.0008063464020901092
546,128,0.0025693290625374695,150,0.0008988410876156333,0.0013436558121886117,0.0009095161733119126
2473,32,0.0031003237354618796,181,0.0007367123960942656,0.0013207789214003721,0.0006944244037100281
1097,64,0.0010791182062657371,63,0.0008829378347502949,0.0013156392284282797,0.0008927883353259229
32,512,0.0017128860416916463,100,0.0008418177310251973,0.0013056649669540333,0.000917835709811037
869,64,0.002997550572960381,175,0.0009024692842407038,0.0013021425063628757,0.0008582302829805617
113,256,0.003734091570887789,218,0.0007454965407305187,0.001298145994553745,0.0007574362553366021
1812,32,0.003991024477141536,233,0.0007843897695425993,0.0012627634845530046,0.0007434131437324734
825,64,0.0038197358729723714,223,0.0006315711141602541,0.0012497358393635841,0.0006432547737284021
1146,64,0.001918432366694644,112,0.00037802486423596943,0.0012196720469376484,0.00038389349485668406
824,64,0.0014902108562717322,87,0.0007904937775700529,0.0012020146413680185,0.0007170063006367624
390,128,0.002620715643788219,153,0.0006470779756644049,0.0011975755698729097,0.0006438639412431685
2041,32,0.004076668779226118,238,0.0008369437690652749,0.0011776125473158259,0.0008254828105692657
36,512,0.003185968037546462,186,0.0007305193408555164,0.0011648853920170194,0.000711271858858945
471,128,0.0016786283208578133,98,0.000849870087121088,0.0011575383706585696,0.0009400684351715337
2191,32,0.0010962470666826536,64,0.0007853540486361854,0.0011531507817350312,0.0007729629955630543
1596,32,0.001627241739607064,95,0.0004351396838962124,0.0011297945822061548,0.00042489588141198355
59,512,0.0025693290625374695,150,0.0006165472020699586,0.0011250330865008517,0.0005898344802827041
158,256,0.0028776485500419655,168,0.0006908200485137456,0.0011225905936198001,0.0007027170750855546
752,64,0.004282215104229116,250,0.00061684494271135,0.0011095399219971833,0.0005994391918950134
534,128,0.003768349291721622,220,0.0006412164032200446,0.0010986637293965442,0.0006846680418666373
723,64,0.0014730819958548157,86,0.0008217008572213258,0.0010859580572504014,0.0007754862221720628
576,64,0.0019526900875284766,114,0.0008017269990131862,0.001084579063877865,0.0008014452302037921
417,128,0.005224302427159521,305,0.0006100167387093072,0.0010767286765516815,0.0006253309059244345
25,512,0.002689231085455885,157,0.0006332121604278859,0.001051152496741151,0.0005763394014495705
2132,32,0.012555454685599767,733,0.00033991239501845143,0.0010506621599270986,0.00032865239008302705
138,256,0.0043164728250629485,252,0.0006435661625327445,0.0010491355540254048,0.0006596667885696616
55,512,0.002860519689625049,167,0.0005372414850047584,0.0010460820874677007,0.0005467582368889096
1069,64,0.0018670457854438945,109,0.0007540424009529337,0.0010459664392956322,0.000741234605043345
1062,64,0.0026721022250389683,156,0.0006416767820175051,0.0010388905639748592,0.0006548004720412812
193,256,0.004145184220893784,242,0.0006002751927386942,0.001036046622960954,0.0005514315986814623
578,64,0.0012332779500179854,72,0.0006906770924862229,0.0010341233735224273,0.0007165553642036806
179,256,0.0024665559000359707,144,0.0006867531741961646,0.0010258584027846376,0.0006858995979661795
115,256,0.00808482211678457,472,0.0004957970412896091,0.001024651906104657,0.0004949528827008268
53,512,0.002106849831280725,123,0.0005655050893093385,0.0010133322218395754,0.0005428720381442017
6,512,0.0030318082937942138,177,0.0005952085705363595,0.0010131268679315502,0.0005046682811931353
1058,64,0.0011647625083503195,68,0.0007259804780016136,0.0010082367045113137,0.0007563940159363524
144,256,0.0013531799729364006,79,0.0006162380252448683,0.0010052366629930026,0.0006272082439590927
92,256,0.0028776485500419655,168,0.0004720026147810504,0.0009978693062299496,0.00043632325438216867
843,64,0.001849916925026978,108,0.0006351715030192622,0.0009914584417394729,0.0006688203071817314
797,64,0.003288741200047961,192,0.0007346182933596916,0.000982838246834827,0.0007303475949737339
110,256,0.0017985303437762286,105,0.0005787589792659579,0.0009749694921555855,0.0005690900912026508
737,64,0.00421369966256145,246,0.0005524881714074873,0.0009729824097049539,0.0005565424360136679
243,128,0.0024322981792021378,142,0.0005625053444324896,0.0009608471075666089,0.0005920836859185053
218,256,0.0019869478083623096,116,0.0004982769642368466,0.0009597836539463579,0.0004997132295400833
214,256,0.0009763450437642383,57,0.000494709073978065,0.0009542212539862523,0.0005084789610846706
150,256,0.0025008136208698037,146,0.000435430766215307,0.0009522287146223571,0.0003966329489020375
553,128,0.0014388242750209828,84,0.0006023171978952771,0.0009492296877896766,0.0006528140841843595
514,128,0.0013874376937702334,81,0.0006927051738877523,0.0009431620681925437,0.0006526602342446844
1033,64,0.0021582364125314743,126,0.0005421246122493869,0.0009421073786893084,0.0005257394216167675
1776,32,0.0028433908292081326,166,0.0005399394068198303,0.0009336475398502817,0.0005445849700780292
1226,32,0.001815659204193145,106,0.0006253098844675314,0.0009280230881278328,0.0006790962516194602
142,256,0.0023123961562837225,135,0.0005091890867805455,0.0009253660325522771,0.0005102597730516402
778,64,0.002038334389613059,119,0.000453862091062012,0.0009188017083660878,0.00045204187891931345
2077,32,0.0012161490896010689,71,0.0006083576324728301,0.0009151921572639443,0.000614470207822488
1172,64,0.0014730819958548157,86,0.0005934613965127179,0.0009145406178202478,0.0005826930123690811
1741,32,0.0011990202291841524,70,0.0005027983002207663,0.0009134058580336376,0.0005117449350664651
648,64,0.0012846645312687348,75,0.00032563920779960675,0.0009125703215403303,0.00034429480072319996
1853,32,0.002141107552114558,125,0.0006190846907640928,0.0009099932266036244,0.0006199472550569406
473,128,0.0027577465271235503,161,0.0005180488342167824,0.000909026355461513,0.0005135036081872527
1627,32,0.0015415974375224816,90,0.0005978824871798601,0.0009045511168399105,0.0005899710496636951
932,64,0.0018670457854438945,109,0.000525072500731437,0.0008925992047807431,0.0005518574440614658
1192,64,0.0048645963584042756,284,0.0005446437055990055,0.0008865636631107691,0.0005308449767079849
217,256,0.0015073397166886486,88,0.0005272712153346467,0.0008856872482958393,0.0005315906093127149
1274,32,0.0031688391771295455,185,0.00045468796986614785,0.0008801044019329693,0.0004696157350604032
1746,32,0.0009763450437642383,57,0.000558768123691005,0.0008787814202630749,0.0005678680672417445
1459,32,0.0006851544166766586,40,0.0006549259364442618,0.0008784580615025081,0.0006588684336601411
1580,32,0.0015244685771055651,89,0.0005666047518332088,0.0008773232022236436,0.0005776534718645985
2178,32,0.0019869478083623096,116,0.0006096215895880001,0.0008711121265724028,0.0006093446457509145
1786,32,0.0043507305458967815,254,0.000519624384277175,0.0008699917292710458,0.0005217182319967689
84,256,0.0007536698583443243,44,0.0005401440770691287,0.0008547071841871624,0.0006055301301140095
1530,32,0.0016614994604408969,97,0.0004964804517961903,0.0008530820800738197,0.00047347679563474544
1203,32,0.0033229989208817937,194,0.0005006365592258648,0.0008499081158749892,0.0005264026798795787
350,128,0.0014730819958548157,86,0.0005261075266753473,0.000849707774752219,0.0004728158975243354
2400,32,0.004384988266730614,256,0.0004904402410002284,0.000846407304256919,0.000509067718033735
1615,32,0.0019526900875284766,114,0.0002055748019750029,0.0008320088700834451,0.00020712880050063396
793,64,0.002894777410458882,169,0.0005262626009242994,0.0008316401576095381,0.0005445824281437641
143,256,0.002398040458368305,140,0.000508859563617686,0.0008289061272456715,0.0005323578220945115
973,64,0.0012332779500179854,72,0.0004993212712909414,0.00082827540943267,0.00044227395971069554
133,256,0.0018670457854438945,109,0.00046853097272941025,0.0008281964529210892,0.00044216494449896384
455,128,0.0024665559000359707,144,0.0004105984916485331,0.0008238043959154681,0.00037690635132268106
30,512,0.0017471437625254792,102,0.0005078039445062512,0.0008213501261295034,0.0005138535936625157
1138,64,0.0028776485500419655,168,0.0005092278444631823,0.0008183684396461617,0.0004929008286596477
1056,64,0.001181891368767236,69,0.0005807043576946125,0.000815799882633877,0.0005729194249456828
1816,32,0.0016443706000239804,96,0.0004426002716077211,0.0008137991567494958,0.00042170971262926873
173,256,0.0011647625083503195,68,0.00048622574654457937,0.0008083696164446393,0.0004747650675227121
104,256,0.002072592110446892,121,0.00040683249579767915,0.0008066793743462967,0.0004248335260977446
1061,64,0.002620715643788219,153,0.0004511306715021092,0.0007913324926950318,0.00037818274511094963
1943,32,0.001181891368767236,69,0.0004888485311587401,0.0007870492930751893,0.0004609388909676658
1432,32,0.0012161490896010689,71,0.00048219128506581745,0.0007844815275339401,0.0004646217435472285
123,256,0.0009078296020965725,53,0.0005421596705996242,0.0007830920609434313,0.0004937952531147538
57,512,0.0016443706000239804,96,0.0003969313138411062,0.0007825568099416848,0.0004393167174411121
1341,32,0.0022438807146160566,131,0.0005702265152910835,0.0007812248665239023,0.0005816391202459739
2328,32,0.0016101128791901475,94,0.0004998926104260599,0.000756323254891446,0.0004843369706990681
944,64,0.002792004247957383,163,0.00027437311924928396,0.0007514982059706228,0.0002615883623540276
776,64,0.0020212055291961425,118,0.00047801990702554825,0.0007480193698226706,0.0004862862011382555
1161,64,0.0016614994604408969,97,0.000547403881000855,0.000745758636972189,0.0005428179856821436
302,128,0.001884174645860811,110,0.0003174656249101768,0.0007439165669864685,0.00040823190690181385
2203,32,0.0012504068104349018,73,0.00047217430652644806,0.0007415941940143857,0.000495102440219885
2169,32,0.00111337592709957,65,0.0005464332080318643,0.000730340035348005,0.0005239648210151074
58,512,0.0017128860416916463,100,0.00046083651801725957,0.0007241079569495571,0.00042512232627851663
2455,32,0.0010448604854319042,61,0.00045566467913139337,0.0007221048919819721,0.0004648475946236346
773,64,0.0023123961562837225,135,0.00036608416981013327,0.0007206780953561847,0.00037549916530459565
347,128,0.0028776485500419655,168,0.00044372369688905827,0.000719944187831811,0.0004648331835230682
1223,32,0.0011647625083503195,68,0.0005269609541387508,0.0007192867542503863,0.0005619133201381926
129,256,0.0006337678354259091,37,0.0005367303912463523,0.0007187268058870251,0.0005173472707925522
405,128,0.0024665559000359707,144,0.0004055598694972472,0.0007106051348583721,0.0004036136741477362
2003,32,0.0009078296020965725,53,0.0004862633482329012,0.0007077431688259822,0.00045312718765514403
902,64,0.0014216954146040663,83,0.0005194546799764806,0.0007066651414178809,0.0004922408692195313
1098,64,0.0015244685771055651,89,0.00045041293482649694,0.0007012532647106671,0.00045192803492581776
2269,32,0.0013360511125194842,78,0.0004015424499366273,0.0007004285972385315,0.00036633523859604214
861,64,0.0024494270396190542,143,0.0004912484645503016,0.0006986044744372195,0.0004888034189913954
1027,64,0.0007707987187612408,45,0.0004767366285570638,0.0006969778376693873,0.00047589281459001773
962,64,0.0021753652729483907,127,0.0003938854814039771,0.0006958072197914083,0.0004002315973247654
1181,64,0.0033401277812987102,195,0.0003862889605160965,0.0006924878639065098,0.0004009281106423246
388,128,0.000924958462513489,54,0.0004945518554554373,0.0006869271262115512,0.0004934155431142277
1191,64,0.0025693290625374695,150,0.00038709928718240965,0.0006861032848635357,0.00039821753462115504
2002,32,0.0014730819958548157,86,0.00030167383755970743,0.0006808648138155278,0.00030248370093367876
765,64,0.0017471437625254792,102,0.0002563440588348965,0.0006808514910581733,0.0002490755739066815
169,256,0.002192494133365307,128,0.0003461815743392362,0.0006788642498260257,0.0004178455837649188
865,64,0.0022438807146160566,131,0.00029007255065208556,0.0006762921581991219,0.00032163738246746595
433,128,0.0012675356708518183,74,0.0004048753750505776,0.0006742577711747836,0.0004068767604217592
378,128,0.0015244685771055651,89,0.00046381354306446225,0.0006715998327577548,0.00043410463639091066
1914,32,0.0021582364125314743,126,0.00034214628251958193,0.0006685838827663856,0.00034667767440240956
2240,32,0.0010106027645980713,59,0.00037113158878577916,0.000666349913196955,0.0003825597187975377
790,64,0.002620715643788219,153,0.0004341305194534302,0.0006635051621671997,0.00045540287116455135
215,256,0.0015415974375224816,90,0.00044006872144976554,0.0006629002751153306,0.00041635574922620287
454,128,0.003117452595878796,182,0.0003112650571106043,0.0006625453797466866,0.0003156863738628778
561,64,0.0022096229937822237,129,0.0003952577300778761,0.0006609338063768871,0.00038493580710240416
203,256,0.0012675356708518183,74,0.000378914052860679,0.0006558496891012446,0.00035916607595254136
956,64,0.002329525016700639,136,0.0003576993598420678,0.0006544549817731596,0.000374121315642918
1153,64,0.0032716123396310443,191,0.00020402188413754427,0.0006511680659130803,0.00017804390224089993
2280,32,0.0011647625083503195,68,0.0002583946049107102,0.0006445073430725356,0.0002619363831966542
271,128,0.0010791182062657371,63,0.0004689140043583169,0.0006395908359984433,0.00041721825245928315
2263,32,0.0015415974375224816,90,0.0004546459131119575,0.0006392035463578807,0.00047920618478539763
2332,32,0.0009420873229304055,55,0.00045134567458880845,0.0006376873615591687,0.0004619422928589968
591,64,0.0025693290625374695,150,0.0004055009224334333,0.0006326986538359737,0.00040113849249559286
1311,32,0.0011647625083503195,68,0.0002457783816112405,0.0006278322604012505,0.00023888649736053763
1742,32,0.00042822151042291157,25,0.000410684142840181,0.0006267785318442922,0.0004007872328626985
1057,64,0.0019355612271115602,113,0.00033138595657110055,0.0006256949133775883,0.00033711171167972217
909,64,0.0014730819958548157,86,0.00041205219041830313,0.0006251551171365005,0.00037532606547718573
137,256,0.0018327880646100616,107,0.00037061530641157426,0.0006249271374715686,0.00038894101502857334
768,64,0.0015073397166886486,88,0.00043612112484357903,0.0006242478123454649,0.00041526600197043094
1962,32,0.0020897209708638084,122,0.00021628737340909806,0.0006221105635619436,0.00023179587876933939
2336,32,0.000959216183347322,56,0.00040922770294692004,0.0006195915641491536,0.0004245488508491603
2401,32,0.0012161490896010689,71,0.00036848264474649095,0.000617559344160869,0.0003492965283538591
510,128,0.0014559531354378992,85,0.0003118786518573271,0.0006169822851602176,0.00031819875925879907
196,256,0.0015244685771055651,89,0.0003265215923345068,0.0006165095640250895,0.00030626696706342947
421,128,0.0017642726229423957,103,0.0002985064345607614,0.0006157424933634849,0.00028355818152054
457,128,0.0020554632500299755,120,0.0003132300654919819,0.0006157036699968461,0.0003125923547022565
101,256,0.0011990202291841524,70,0.0004246437106469056,0.0006116940690679541,0.0005115458593968283
1829,32,0.0013874376937702334,81,0.0002687520840387924,0.0006080513343548335,0.0002645617456381924
2292,32,0.0011647625083503195,68,0.00043751345813224356,0.0006080324606403464,0.0004206637439697399
2420,32,0.0013360511125194842,78,0.00040522907194384986,0.0006080013559775529,0.0003819787690247488
1091,64,0.001558726297939398,91,0.0004077586742767172,0.0006055080467846258,0.00040690552442819244
1344,32,0.0017985303437762286,105,0.0003496769216571486,0.0006039945735897761,0.0003261288109877027
2156,32,0.001558726297939398,91,0.00037138320146879356,0.0006009387969843628,0.0003778439814625279
2343,32,0.00111337592709957,65,0.00025189795398017497,0.0005990249752829563,0.0002251460483362058
733,64,0.0010619893458488207,62,0.00031581470522262507,0.0005986809408813493,0.00031788527171239055
1283,32,0.0009763450437642383,57,0.0004551774945536142,0.0005979622480238438,0.00045581412412155626
2333,32,0.00111337592709957,65,0.0002318877724081365,0.0005965912009013834,0.0002258395644735962
1821,32,0.0008735718812627396,51,0.00042908776877107374,0.0005945593237891264,0.0004177323272826482
2210,32,0.0017985303437762286,105,0.00036546198128878,0.0005938072989282848,0.0003480301663363507
48,512,0.0019355612271115602,113,0.0003450292744687747,0.0005884235490197788,0.0003704615796315368
497,128,0.0014559531354378992,85,0.0003497927364792294,0.0005882860361050265,0.0003278379586325265
2245,32,0.0009420873229304055,55,0.0004187140357214407,0.0005874498872267414,0.0004105287935478923
860,64,0.0008393141604289067,49,0.0004003420409356063,0.0005870318807401318,0.00036486837669572243
385,128,0.0010277316250149877,60,0.00039272190608395977,0.0005867148113790382,0.0004124662775401272
1217,32,0.0016101128791901475,94,0.00040557240974351075,0.0005834563556505597,0.0003771650299269858
1399,32,0.00111337592709957,65,0.00030325533817169756,0.0005825759863230884,0.00029742680656560976
1112,64,0.0022781384354498896,133,0.0003505236951405242,0.0005810416857445903,0.0003308830775018198
1805,32,0.001969818947945393,115,0.0003325159349616531,0.0005799487979838734,0.0003363306186963724
120,256,0.001627241739607064,95,0.00036331673338798714,0.0005776342128864413,0.0003222382228312121
1827,32,0.012555454685599767,733,0.00020926738925558248,0.0005756454053619469,0.00021213220694627806
2410,32,0.00222675185419914,130,0.0003355540372060542,0.000574759413030061,0.00034988465080203077
1907,32,0.0020554632500299755,120,0.00038002602434835883,0.0005722668572709945,0.00042329839831811077
1123,64,0.0017985303437762286,105,0.00035885929763602976,0.0005638419495533263,0.0003327878532142422
466,128,0.0012161490896010689,71,0.0002829600513643507,0.0005617035450691324,0.0002930634076094505
452,128,0.0009763450437642383,57,0.0003832590166548966,0.0005596809268278905,0.0003685362825282433
33,512,0.0018670457854438945,109,0.0003397703276669025,0.0005557779141845605,0.00031445385601935416
1942,32,0.0021239786916976413,124,0.0003644294036858502,0.00055361535839556,0.000339019633121941
1928,32,0.011459207618917113,669,0.0002174296075162273,0.0005535532360749344,0.00021374796547295673
691,64,0.0017471437625254792,102,0.000278311041842528,0.0005529869708671277,0.00031913244520183847
1152,64,0.0014388242750209828,84,0.0002270736700752669,0.0005511386056612985,0.0002308223964895158
222,256,0.0022781384354498896,133,0.0003276081243458927,0.0005473639146081479,0.0003677744135002534
374,128,0.0014045665541871498,82,0.00033640246569372167,0.0005467388809839135,0.00037027142058949285
1698,32,0.0018670457854438945,109,0.0002755953684219225,0.0005466555700956833,0.00028995993293321414
2180,32,0.0035970606875524573,210,0.0002620558149676679,0.0005461441397054409,0.00025372188807910065
1194,64,0.0014388242750209828,84,0.0002724198918432353,0.0005451881635743148,0.00030343514960911656
1647,32,0.0010619893458488207,62,0.0002949491885974762,0.0005439881770718576,0.0003363443859287414
2175,32,0.0025693290625374695,150,0.00033835372395178047,0.0005437266557930373,0.00031845957799870233
769,64,0.0008564430208458231,50,0.0003244708763247467,0.0005396133343920531,0.0003528284815415839
21,512,0.0017300149021085628,101,0.00031707040464393535,0.0005385783944397111,0.0002744783302513346
915,64,0.0016614994604408969,97,0.00040980746989329836,0.0005383791455659207,0.00042095538211202484
1016,64,0.0010448604854319042,61,0.00032461955645661386,0.0005372815836997045,0.0003372043250216844
1362,32,0.0010277316250149877,60,0.0003496499134332952,0.0005366287082171641,0.000357323510782281
184,256,0.0009078296020965725,53,0.00033396055636968736,0.0005353841757160354,0.000328707692761213
412,128,0.002004076668779226,117,0.00027990460024949397,0.0005307447284450718,0.0002808471402991102
1125,64,0.0008221853000119902,48,0.00037332198883086764,0.0005304696370995791,0.00035770081223691897
420,128,0.0019355612271115602,113,0.00031374385081585994,0.0005291910452187488,0.00025075275693869486
289,128,0.0014902108562717322,87,0.0003058395638202535,0.0005288433912618566,0.00029143875213417616
1050,64,0.0019355612271115602,113,0.0003550298029578534,0.0005288264524686709,0.0003486698019157625
982,64,0.0016101128791901475,94,0.00032685562355742117,0.0005275836590515387,0.00031949095214226533
1477,32,0.0008050564395950737,47,0.0003413699784590936,0.0005271855009312586,0.00030216961398186527
1971,32,0.0029804217125434644,174,0.00016419916919522184,0.0005238782814770249,0.00016455729637734721
73,512,0.0015415974375224816,90,0.0002497160715461278,0.0005227798130807036,0.00025345813734730163
178,256,0.0026035867833713025,152,0.0002936205381130613,0.0005214350235208421,0.00031624415224195253
1001,64,0.0005823812541751597,34,0.00035952297348090535,0.000521389599012333,0.0003647535249640135
244,128,0.0017128860416916463,100,0.0002803003581977491,0.0005085646356532502,0.0002822583875415018
1864,32,0.004110926500059951,240,0.00031547222196618335,0.0005070350753730573,0.0002783135890315447
442,128,0.0010791182062657371,63,0.00021775457253178884,0.0005050005177228868,0.00020953251469717435
1132,64,0.0009934739041811548,58,0.00033860760191292607,0.0005017497202584011,0.0003217725636496336
875,64,0.0016101128791901475,94,0.0003074034363899458,0.000501050322062373,0.0003161725571919185
17,512,0.002106849831280725,123,0.000291989065460551,0.0004996736978237622,0.00026766780027944045
1837,32,0.0010791182062657371,63,0.00027684664930219537,0.0004980926967993547,0.0002812102734884323
1575,32,0.0013017933916856512,76,0.00034647564473919677,0.0004964351862313683,0.00032056212819322354
1454,32,0.0015073397166886486,88,0.00024194155665022732,0.0004949203794342198,0.00022950242360051783
1114,64,0.0006851544166766586,40,0.0003460377015234565,0.0004939827284227049,0.00036085069989155906
564,64,0.0010106027645980713,59,0.0003357559813894211,0.0004931463059068796,0.000342047707733659
3,512,0.0017128860416916463,100,0.00032117767713965134,0.00049223930196147,0.0002761861365083347
2434,32,0.0010448604854319042,61,0.000315259769088308,0.000491473668726054,0.00028554855233244947
81,256,0.002106849831280725,123,0.0003309437075729342,0.0004912230482788544,0.00030993537579514533
526,128,0.0016786283208578133,98,0.00027624880492537146,0.0004909938885139588,0.00026386455496495967
833,64,0.0008221853000119902,48,0.0002551450473106695,0.0004894014514978932,0.000246080526012088
294,128,0.0015415974375224816,90,0.0003314275682315546,0.0004886838800602258,0.0003326370217417444
879,64,0.0008050564395950737,47,0.000325204479357654,0.00048804501146273164,0.00029099745019093437
842,64,0.0008050564395950737,47,0.00032317711375411904,0.0004852367892510395,0.0003252797227303915
152,256,0.00111337592709957,65,0.00031181957848644843,0.00048512347244644905,0.00028277664957559274
2217,32,0.0013703088333533171,80,0.000341972423005675,0.00048410921118082856,0.0003562196036841102
639,64,0.0026721022250389683,156,0.0002976964338230514,0.000483623010266557,0.0002801558585318932
783,64,0.000959216183347322,56,0.0003213008928407376,0.00047856654121157435,0.00030841601043273415
399,128,0.000924958462513489,54,0.00030714687166024334,0.0004756232215810923,0.0002908105582707882
712,64,0.0015073397166886486,88,0.0002691501974589868,0.00047523082656656464,0.00027301359059429575
2313,32,0.0007022832770935749,41,0.0003256540770861216,0.00047445739503349985,0.0002893809469252459
868,64,0.0016786283208578133,98,0.00026694360787182905,0.0004724994609707508,0.00024502576765577375
2063,32,0.0006508966958428256,38,0.00034242296761997074,0.00047188312608290777,0.00035050899013439177
2310,32,0.0012846645312687348,75,0.00025087227786341394,0.00047180672997403523,0.0002796033288042346
707,64,0.0023466538771175554,137,0.0002721047774486875,0.00046943068884951336,0.0002602520044410942
141,256,0.0022438807146160566,131,0.00029120637656413905,0.00046782498809462786,0.00025028741670490807
1857,32,0.0005823812541751597,34,0.0002637412145249388,0.0004657723037679004,0.0002744520265534432
1956,32,0.0014559531354378992,85,0.0002730381227924122,0.0004638727699663972,0.0002677180622246411
1149,64,0.0021753652729483907,127,0.0002355771176704611,0.00046274150120732333,0.00022744915318802304
586,64,0.002329525016700639,136,0.0002612137045339969,0.00046195262218197875,0.00023723643499832007
66,512,0.0012161490896010689,71,0.00029847377200079765,0.0004610725444954081,0.00029664235855573714
964,64,0.0036141895479693737,211,0.0002787648365925055,0.00046107129184054887,0.0002611777594675498
2000,32,0.0013874376937702334,81,0.00026653241041674257,0.00046060825211394874,0.0002526434450033269
810,64,0.0016614994604408969,97,0.00024329434263889037,0.0004603175064405783,0.0002491576951016576
1485,32,0.0017300149021085628,101,0.0002917084020664933,0.00045992881077818473,0.0002650299141343754
264,128,0.000959216183347322,56,0.00020637012500887577,0.000459803817779208,0.00023569889617144712
216,256,0.0008564430208458231,50,0.00030292435798776355,0.00045925277417565474,0.00029138371077061016
1819,32,0.001147633647933403,67,0.00026890066564167327,0.0004589672630808162,0.0002698404716156106
1270,32,0.0008050564395950737,47,0.0002890657629634653,0.0004589420600007496,0.0002896967091186856
1622,32,0.004093797639643034,239,9.438963608070295e-05,0.00045871010514648454,9.26818269650159e-05
1230,32,0.0008393141604289067,49,0.0003346937571636393,0.00045444057965409075,0.00034260738499556915
549,128,0.0007707987187612408,45,0.00029851814705442485,0.0004533568669743135,0.0003103609212172064
1707,32,0.011561980781418612,675,0.00011088197257267852,0.0004514566358471665,0.0001092792968533475
96,256,0.0021239786916976413,124,0.0002584236893086359,0.0004513026329372817,0.0002758414521618134
1515,32,0.000959216183347322,56,0.0002812365677934951,0.0004497521335984609,0.0003115891181042913
309,128,0.0009078296020965725,53,0.00024406540493066622,0.000449367038878856,0.00026726247766860366
2432,32,0.0010277316250149877,60,0.00031789620098962774,0.0004484424044322068,0.00028732647678307745
316,128,0.001884174645860811,110,0.0002707063068270497,0.00044662473644470097,0.00026415253842906726
805,64,0.0013874376937702334,81,0.00027039964978140045,0.0004463246602252832,0.0003391158872570295
988,64,0.0010448604854319042,61,0.0003172375959737134,0.00044630989029555997,0.00033353256728710763
98,256,0.001181891368767236,69,0.0003064824689399612,0.00044524045021959794,0.0003215316488242109
125,256,0.002072592110446892,121,0.00027900712011961283,0.00044465580611898544,0.00025916363246900607
428,128,0.001849916925026978,108,0.00025161315242612113,0.00044349686240493835,0.0002238543305052603
1901,32,0.0010619893458488207,62,0.0003173098810010345,0.0004424602859065354,0.0002955989426526456
1869,32,0.003185968037546462,186,0.00023758904673911441,0.00044068647261573797,0.0002533201517676693
306,128,0.001592984018773231,93,0.00023347534780655994,0.0004376908148479799,0.00022927393211828932
931,64,0.0004624792312567445,27,0.0003168187234672911,0.0004372387059360403,0.00033835721949904054
663,64,0.00251794248128672,147,0.0002276540695699525,0.00043717161688762847,0.00022451955615729872
1743,32,0.0012332779500179854,72,0.0002835361554903986,0.0004352483616284665,0.0002719493132697248
755,64,0.0009078296020965725,53,0.0002529276425321334,0.0004350615084066565,0.0002529513147575993
323,128,0.0009420873229304055,55,0.00030719145635517073,0.0004346976682105757,0.0003094234023619604
907,64,0.0009420873229304055,55,0.000296298349886687,0.00043420487955543146,0.00030435169958688095
640,64,0.0012161490896010689,71,0.0002481310602591271,0.00043304934835802604,0.00022158024091804382
403,128,0.0010619893458488207,62,0.0002637721521799708,0.0004326228379232617,0.00024478531823480317
1637,32,0.0019013035062777274,111,0.0002572033168329013,0.00043231612604425286,0.0002967489720620105
436,128,0.0006508966958428256,38,0.00024077504415375358,0.00043026845917282485,0.00023593124683006896
351,128,0.0013531799729364006,79,0.00021981533703371373,0.0004291158301712464,0.00023290660708391768
588,64,0.0018670457854438945,109,0.0002130508708720262,0.00042808855572485055,0.0001825945674775816
1934,32,0.0012161490896010689,71,0.00029078269711491756,0.00042734853937606104,0.0002790027457733659
774,64,0.000959216183347322,56,0.00028893856673376574,0.00042730150929437734,0.00028683322748169847
1911,32,0.0006166389750089927,36,0.00017002483882690581,0.00042682469167566034,0.00016960642981861252
52,512,0.0013017933916856512,76,0.000246286574249018,0.00042621182818762993,0.0002147664795578393
446,128,0.0005481235333413268,32,0.000321133771216979,0.00042539019854565994,0.0003009175574721724
1011,64,0.0015073397166886486,88,0.0002505466444195935,0.00042530369091038454,0.00024226339876042252
1037,64,0.0020897209708638084,122,0.00023595786763164377,0.00042509613233522164,0.00023007449878372716
976,64,0.0007022832770935749,41,0.00015835259887898165,0.00042343878318834176,0.00016797062173756056
211,256,0.001181891368767236,69,0.0002163190041834603,0.0004217295354975137,0.00022378379077015874
1320,32,0.0004624792312567445,27,0.0003024061962884813,0.00042001304639493385,0.0002814095070239535
1979,32,0.002261009575032973,132,0.00020802727944809347,0.0004185410529422318,0.00021422479522920248
2023,32,0.002106849831280725,123,0.00023940994055742198,0.0004169989511557671,0.0002823820952558009
2326,32,0.002329525016700639,136,0.0001481519660348326,0.0004152294560995348,0.0001434035207566078
658,64,0.0010962470666826536,64,0.00028605018599687463,0.000413635281285427,0.0003441579909827857
435,128,0.0010277316250149877,60,0.00022679124506001636,0.0004127882551287898,0.0002812162687676336
1830,32,0.0006680255562597421,39,0.0002344649131104573,0.0004123900105111621,0.0002475154509931275
459,128,0.0018327880646100616,107,0.0002594938208221668,0.0004105491583241709,0.0003305324617371228
1187,64,0.0014216954146040663,83,0.0002720649105986877,0.000410227951235888,0.00027092348967534363
1785,32,0.0013360511125194842,78,0.000281756806705357,0.0004100938424452334,0.00028315738502798175
1169,64,0.0018327880646100616,107,0.00026232710536995926,0.00040946014243651067,0.00025667678265199064
801,64,0.0027406176667066342,160,0.00023267850512331603,0.0004090267020616642,0.00021285503182311792
584,64,0.0010791182062657371,63,0.0002911664262666411,0.00040885611467284634,0.0002749374866346745
279,128,0.0012846645312687348,75,0.0002290579375393971,0.0004071455980835256,0.00022474216762666938
1643,32,0.002997550572960381,175,0.0002489074336970135,0.000405974577431121,0.0002350325183664543
788,64,0.001884174645860811,110,0.0002367757780595485,0.00040581210671516575,0.0002349776605714317
1186,64,0.0006508966958428256,38,0.00027665810458239206,0.0004050842460863556,0.0003012826253800134
748,64,0.0005481235333413268,32,0.00021624831347395192,0.00040469979366708643,0.0002252470074617018
2056,32,0.0014730819958548157,86,0.00026252879592142744,0.00040354182781976764,0.0002780678479257091
1736,32,0.0027577465271235503,161,0.00025209381323132213,0.0004028997398695052,0.0002649598859000538
2006,32,0.0010619893458488207,62,0.0002366083933313,0.0004028800451408745,0.00023377732100204724
693,64,0.0009934739041811548,58,0.00021166632236233493,0.00040127483819244315,0.00020221780340921592
379,128,0.0021239786916976413,124,0.00019157639324672216,0.00040031712629372897,0.00017643905902345436
145,256,0.0009934739041811548,58,0.00022698307878215877,0.00039666775663167617,0.00022879785965885697
460,128,0.0010448604854319042,61,0.00021125443567015714,0.0003966596908555313,0.0002087876963077576
560,64,0.002192494133365307,128,0.00023477459270712246,0.0003964840632026455,0.00023101118203455533
480,128,0.000924958462513489,54,0.00021005782476023795,0.0003955334734603415,0.00017787909406063884
103,256,0.0010448604854319042,61,0.000254917501690119,0.00039403961878440935,0.00023454206267865376
1876,32,0.0007365409979274079,43,0.00024994419207543286,0.00039253416182262273,0.0002661164202516725
2017,32,0.0005995101145920762,35,0.00023033457819570673,0.00039243754902303427,0.00021692415733596808
1673,32,0.0011647625083503195,68,0.00022108140418531592,0.0003916252767967884,0.0002134799453431808
1463,32,0.002192494133365307,128,0.0001391864653672728,0.00039150467797136274,0.0001426287117798456
780,64,0.0016614994604408969,97,0.00023419941420860872,0.0003910150580429962,0.00023662956492350877
506,128,0.0012161490896010689,71,0.00020143989015361866,0.000390849664555945,0.00020999587916986471
432,128,0.0020897209708638084,122,0.00022498228499327888,0.0003904637864871213,0.0002164125359296672
49,512,0.0017128860416916463,100,0.00023422069108568517,0.0003902285080162664,0.00026924864857160173
1800,32,0.000479608091673661,28,0.0002143015898735419,0.00038844592384027274,0.00022997728668220797
2289,32,0.0022438807146160566,131,0.00020782060105573036,0.00038747287600581496,0.0002760044861949831
688,64,0.0008564430208458231,50,0.00025994333794268035,0.00038316436547186904,0.00026206961312075683
2242,32,0.001558726297939398,91,0.0001791337264387428,0.0003831084697758419,0.00019648324462942374
1145,64,0.0011647625083503195,68,0.00012841133693334685,0.00038255642989610915,0.00012708671948837109
151,256,0.0008735718812627396,51,0.00017731691562627725,0.000379989845673096,0.00022186539433307576
2085,32,0.0007022832770935749,41,0.0002822249009841552,0.00037859742923876914,0.0002991670451880796
1014,64,0.0008221853000119902,48,0.0001654145158379997,0.0003784826411670871,0.00019405743181251148
898,64,0.0007365409979274079,43,0.00022189194928913473,0.0003775852370059478,0.000250503369628647
657,64,0.001627241739607064,95,0.00022641447370357626,0.0003764990165122252,0.0002123244804467856
543,128,0.0005481235333413268,32,0.0001859236509565014,0.0003752152006112246,0.00019692136500718563
1166,64,0.000959216183347322,56,0.00020231913569546055,0.0003751579397731771,0.00018425446596916821
1342,32,0.0005138658125074939,30,0.00027107374214886725,0.00037401866926494657,0.00025617149772960295
2291,32,0.0004110926500059951,24,0.00025555848221795125,0.0003720316879309327,0.00024390432848551134
1288,32,0.0016443706000239804,96,0.00017034370017683466,0.00037023743033550685,0.00018969999081947864
1535,32,0.0020212055291961425,118,0.00019550525976444135,0.0003702339955515511,0.00019772694073033598
2235,32,0.0011305047875164865,66,0.0002653408790490371,0.0003702176537795731,0.00026004492651531875
513,128,0.0013189222521025677,77,0.00020161890857339884,0.0003695975266801586,0.00019662074711647817
328,128,0.00222675185419914,130,0.00022010129794805888,0.0003691250186073549,0.00020901580707413615
265,128,0.00111337592709957,65,0.00016536870239262092,0.0003687177487563053,0.00017977873745999608
80,256,0.0018670457854438945,109,0.00023528724253883126,0.00036865327290241023,0.00024412064747432935
182,256,0.0010619893458488207,62,0.00021535147618492742,0.0003676576572974326,0.0002144115879120716
155,256,0.0009078296020965725,53,0.0002309191904570142,0.0003668590858991077,0.00023941394553004248
270,128,0.0008907007416796561,52,0.00021757367303853792,0.0003668210338343262,0.0001997530151006895
370,128,0.001884174645860811,110,0.00020931181886713927,0.00036641433995544283,0.00021984137814078564
2339,32,0.0014216954146040663,83,0.0002062385418543874,0.0003662823896729345,0.00019120930812682336
37,512,0.0008221853000119902,48,0.00022256006203636873,0.0003660369926367689,0.0002659083744051098
219,256,0.0014559531354378992,85,0.00020475216266424098,0.00036563820710615026,0.00018910683409589137
1822,32,0.0008907007416796561,52,0.00021385876478932688,0.00036466646097894044,0.00020909715647467203
2387,32,0.00044535037083982804,26,0.00026149561074860603,0.0003637650963492608,0.00027051035284360997
149,256,0.0013874376937702334,81,0.00019959948220726878,0.000362118841468602,0.00022769496397435408
2121,32,0.001147633647933403,67,0.00024045952331357763,0.0003613430359285217,0.00023444961743769634
61,512,0.0009763450437642383,57,0.00020303937827184356,0.00036032285629508654,0.00017090027854547182
135,256,0.0019869478083623096,116,0.0002020850292861638,0.00035980125048681676,0.00019140087956443408
2110,32,0.0014216954146040663,83,0.0001927173338691748,0.00035851837353550613,0.00017990393044085623
479,128,0.0005995101145920762,35,0.00025203918099180815,0.00035705834378950077,0.0002468092599480875
83,256,0.0016614994604408969,97,0.00019925784545717957,0.0003568167070190943,0.00017329266718567153
1670,32,0.004333601685479865,253,0.0002077290356076002,0.0003531990495317226,0.00023430344659490973
541,128,0.0013703088333533171,80,0.00018379420354196373,0.0003513897928359795,0.00017609282389028706
911,64,0.000959216183347322,56,0.00023034452043787794,0.0003495123954519282,0.00022002296336796011
1802,32,0.0004110926500059951,24,0.00021958003473610406,0.00034889918299650777,0.00021500761812656723
1982,32,0.0006508966958428256,38,0.00020395837069135602,0.0003478583267068053,0.0002104667402429078
2244,32,0.0003254483479214128,19,0.00021169985539886918,0.0003476484416372545,0.00020592622000141045
220,256,0.0012846645312687348,75,0.00018909483396599216,0.00034755814057213513,0.0001612016410454864
888,64,0.0008564430208458231,50,0.0001939079541197351,0.0003451099028594187,0.00022510039132736797
2475,32,0.00222675185419914,130,0.00014289445437040314,0.0003449511144397825,0.00014065771657408873
938,64,0.0017642726229423957,103,0.0002220015268135315,0.00034332777688924937,0.0002255356160083493
1895,32,0.0012332779500179854,72,0.00017862876471389132,0.00034156720215964024,0.00019471852773385185
287,128,0.0017985303437762286,105,0.0001821030718179577,0.00034100482835109123,0.00017605172025935014
708,64,0.00044535037083982804,26,0.00020066168684338749,0.0003409172990928002,0.00018990397620745485
955,64,0.0009420873229304055,55,0.00022310948676732993,0.00034089420609454795,0.00020858741521659723
1708,32,0.0006337678354259091,37,0.00016738007622034998,0.00033984493736249205,0.00021966884315929687
677,64,0.002038334389613059,119,0.00019420044600123343,0.00033896340729205367,0.00019339127902702344
346,128,0.0011990202291841524,70,0.00016242070423619695,0.00033877836983772606,0.0001531086411971668
979,64,0.0010277316250149877,60,0.00021518507114721654,0.0003385633688358486,0.00022725018331532906
240,128,0.000924958462513489,54,0.00022042948471303486,0.00033851939542525305,0.0002086214713673273
319,128,0.0012161490896010689,71,0.00020557896953026162,0.00033739097106174406,0.00020933536795211049
253,128,0.000479608091673661,28,0.00017361796794979306,0.0003362586793598593,0.00019584665434290384
763,64,0.0006851544166766586,40,0.0001623724122230513,0.0003361218565287975,0.0001761031255772522
2286,32,0.0007879275791781573,46,0.00015913269340208898,0.0003351836420662505,0.00012991286153013812
1076,64,0.0012161490896010689,71,0.00019659946613163442,0.0003335591223176178,0.00016948808885523602
980,64,0.0015758551583563145,92,0.00018390064194089668,0.00033335076606161383,0.0001744292364162792
928,64,0.0006851544166766586,40,0.00015486233146699979,0.0003326303817850234,0.00016393959670286463
1945,32,0.000924958462513489,54,0.0002004098182696012,0.00033245041095682703,0.00019635327850910005
402,128,0.0013360511125194842,78,0.000190310601588317,0.00033232124307334965,0.00017776917509543328
1392,32,0.0006851544166766586,40,0.000209930344689401,0.00033208521996726877,0.00020716466671071078
670,64,0.0010962470666826536,64,0.00016002110039764546,0.00033153731869458886,0.00019746037202230903
1291,32,0.006132132029256093,358,0.0001241518097330369,0.00033056383808574525,0.0001314278055119679
2295,32,0.0009078296020965725,53,0.00015679075857093035,0.0003302927227079264,0.00016606582142001088
1244,32,0.0007022832770935749,41,0.00022152199257986492,0.00033008750646469404,0.0002159906510563014
93,256,0.0009078296020965725,53,0.00021846961115245446,0.00033006576652725973,0.00022073981473756305
1597,32,0.0009420873229304055,55,0.00021091669241346715,0.0003287316262934289,0.00020788944738888608
118,256,0.0011647625083503195,68,0.0001459181282711867,0.00032837150440038777,0.00017118215468005758
2251,32,0.0009420873229304055,55,0.00023600149767825923,0.0003280169741074035,0.00022644765804091677
796,64,0.00022267518541991402,13,0.00019775694631302612,0.00032725912414427547,0.00020699425884758516
308,128,0.0016101128791901475,94,0.00017874953372348497,0.0003265195159167741,0.00023232021467738096
1252,32,0.0017128860416916463,100,0.0002192061001383587,0.00032448838993719636,0.00022468209650543423
89,256,0.0008735718812627396,51,0.00020842942874408046,0.0003243087415789631,0.0001896746926647372
148,256,0.0005995101145920762,35,0.00020080286097250177,0.00032406580423497897,0.00018323160320879268
628,64,0.0008564430208458231,50,0.00022026194572576094,0.0003238896291716489,0.00020769441071215934
28,512,0.000479608091673661,28,0.00019628433065427007,0.0003236592907957895,0.0002364387241611888
503,128,0.0013360511125194842,78,0.00015241158355497526,0.00032270822741620945,0.00012831261329469883
2220,32,0.0008393141604289067,49,0.00021254784401883748,0.00032161192497303303,0.000212844766431268
2122,32,0.0005823812541751597,34,0.00021282818712190348,0.00032035781258608496,0.00020720481719925128
2205,32,0.0007022832770935749,41,0.000171239481283111,0.00032031191978716255,0.00014858443683511325
675,64,0.00037683492917216216,22,0.00022647893456521545,0.0003176456977262566,0.00020802872920440207
851,64,0.0015244685771055651,89,0.00013876293689564867,0.00031735087084000453,0.00017897920523086606
325,128,0.0016443706000239804,96,0.0001728481395523504,0.0003170065071664129,0.0001921702950666551
1438,32,0.0007536698583443243,44,0.00020521516843552363,0.0003164909629406585,0.0001763347305269526
181,256,0.0010791182062657371,63,0.000166403395334592,0.0003154056378095431,0.0001712269875192256
46,512,0.0015758551583563145,92,0.0002031123962333286,0.0003131215108782968,0.00022650460972206617
882,64,0.0011305047875164865,66,0.00019184313860629091,0.0003116841098671977,0.0001937486146459787
239,256,0.0011990202291841524,70,0.00016274382230984592,0.00031158705889559933,0.00016649775294462363
176,256,0.0011647625083503195,68,0.0001911484684877903,0.0003099586640251833,0.00019297597597417243
732,64,0.0010619893458488207,62,0.00020164571449409946,0.00030929540452929045,0.00020210084799016765
112,256,0.0006166389750089927,36,0.0002158140064314955,0.0003091458372142218,0.0002566153453336125
900,64,0.0014388242750209828,84,0.00014129457414784253,0.0003089291295479326,0.000163704896356678
34,512,0.00392250903547387,229,0.0001477095599692042,0.00030884959557518583,0.00014849025205759627
2195,32,0.0009078296020965725,53,0.00013207210489882772,0.00030716646972801586,0.00013898390773711545
834,64,0.000479608091673661,28,0.00019366603377030537,0.00030690854419740567,0.00015267209672165813
1713,32,0.0010277316250149877,60,0.0001220922917701899,0.0003067748826481229,0.00016412383816073595
314,128,0.0008735718812627396,51,0.0002005064559026546,0.0003062714889308489,0.0001754638343420032
661,64,0.0009420873229304055,55,0.00016766279495292706,0.00030624585458231655,0.00016323737897750573
1497,32,0.0006166389750089927,36,0.00022061720811547434,0.0003061421051424114,0.00025395975661619586
299,128,0.0009763450437642383,57,0.00015780387383399562,0.00030572076992923554,0.00016985608941859652
589,64,0.0009078296020965725,53,0.00016277505358648953,0.00030440259420899793,0.00016338196273853108
2043,32,0.0012846645312687348,75,0.00016940817225988823,0.0003042758001971725,0.00017354725745919163
1002,64,0.0009078296020965725,53,0.00020235281565127757,0.00030379563135614904,0.00022082738139945005
1538,32,0.0003254483479214128,19,0.0002088021007720863,0.0003036229039363178,0.00016875838449709817
1421,32,0.0006851544166766586,40,0.00018995641361345758,0.00030284651991984443,0.0001922872050529994
744,64,0.0012332779500179854,72,0.00012226711052991764,0.00030211254728557363,0.00014469544581683635
82,256,0.0010277316250149877,60,0.0001895990736043759,0.00030138793179629975,0.00020399592162522172
698,64,0.0013874376937702334,81,0.00017716004803459734,0.00030112553512100503,0.00018817769823815803
1202,32,0.0006508966958428256,38,0.000191061962130776,0.00030050196179940965,0.00018968017011320877
1251,32,0.0012504068104349018,73,0.00016514165886406912,0.0002999971262227886,0.00017387812370402977
116,256,0.0011305047875164865,66,0.00018071348811079664,0.00029942822298124254,0.00017361671712108945
2185,32,0.0004967369520905774,29,0.0002062425056153339,0.0002993577380659133,0.00021072689372550932
1415,32,0.0012161490896010689,71,0.00017533918033211832,0.00029867513240268895,0.00019200653120048637
1582,32,0.00042822151042291157,25,0.00021205291048181593,0.00029645512437149454,0.00022275469852244036
1912,32,0.0005995101145920762,35,0.00020264655315139487,0.0002956248116107098,0.0002068508799210316
1015,64,0.0017814014833593122,104,0.0001597323186739094,0.00029514812298505423,0.0001520230663737299
530,128,0.0014730819958548157,86,0.0001820457071426812,0.0002927639714820776,0.00017965333742852083
1382,32,0.0012846645312687348,75,0.00015896416722181936,0.00029241674940278726,0.00016491732865700105
2170,32,0.0015073397166886486,88,0.00017627155168114356,0.00029198193298914983,0.00018238208331526948
1436,32,0.000479608091673661,28,0.0001619185503673109,0.0002918662761538103,0.000163734905219201
1404,32,0.001558726297939398,91,0.00014481644589512066,0.00029125174512145186,0.00017154160715673156
878,64,0.0007879275791781573,46,0.0002095055444849246,0.00029073738478584225,0.0002109436015978544
822,64,0.0014902108562717322,87,0.0001794023914544852,0.00029034627125862307,0.00016797776084889513
31,512,0.0009078296020965725,53,0.00014076698230379228,0.00028946502802367706,0.00015189319701485615
2059,32,0.0008221853000119902,48,0.00020221790388440656,0.0002882957344079076,0.00020340210740362594
352,128,0.0016786283208578133,98,0.00016115685141205417,0.00028766022201579276,0.00016471256294957155
1175,64,0.0006851544166766586,40,0.0001657070935183938,0.00028728981979792543,0.00019121201065803992
261,128,0.0024322981792021378,142,0.00014294716543985174,0.0002865966778372859,0.00013622397726348375
1263,32,0.0010619893458488207,62,0.00016178435689340453,0.00028580802933617143,0.0001661083214429722
1773,32,0.0013360511125194842,78,0.00014107554784205967,0.00028538544979299834,0.00014083421206221515
959,64,0.0008050564395950737,47,0.00020035634934021613,0.000285233821973038,0.00021327787869570506
180,256,0.0009934739041811548,58,0.00016840662549370063,0.0002848311949584934,0.00015768201505208162
777,64,0.0013017933916856512,76,0.0001345797242637169,0.0002845074600224507,9.268051919228832e-05
618,64,0.0008393141604289067,49,0.00012854395061019858,0.00028443168956418974,0.00015281360890008087
2311,32,0.001627241739607064,95,0.0001659782108074066,0.0002840709609037608,0.0001685985037998743
14,512,0.0010791182062657371,63,0.0001758807134055844,0.00028342910503440996,0.0001598441497274253
1958,32,0.0005995101145920762,35,0.0001696590150340472,0.0002828222177144562,0.00016222458236870628
95,256,0.0008393141604289067,49,0.00012585568954037957,0.0002826431266989722,0.00011404812431938224
993,64,0.0010791182062657371,63,0.00015695050163003267,0.0002823425279252533,0.0001428638229091436
2209,32,0.001147633647933403,67,0.00014010428799356264,0.0002822292739293785,0.00015701845157338598
2290,32,0.0005652523937582433,33,0.00017386712386890991,0.0002816290500185562,0.00017027370882468005
2231,32,0.00037683492917216216,22,0.00016972822693456422,0.0002814631749077759,0.00016204798503985572
970,64,0.0010619893458488207,62,0.00013432132485358787,0.0002806556337751097,0.0001340826353373217
1315,32,0.0004624792312567445,27,0.00018621695550911162,0.00028005200276219014,0.00017960483495411676
552,128,0.0008050564395950737,47,0.0001533501676795102,0.0002778861947270638,0.00018367985329286826
437,128,0.0015244685771055651,89,0.00016487128516389128,0.00027753160297900003,0.00015351924288401704
1044,64,0.00039396378958907863,23,0.00018960560064083446,0.00027746468604542,0.00017832336919149786
1451,32,0.0006337678354259091,37,0.00015159945015700565,0.00027698920971934703,0.0001382659213666801
365,128,0.0008907007416796561,52,0.00016456039350946482,0.00027624521956870143,0.00017417346918048547
1249,32,0.0007194121375104914,42,0.00014389812982308408,0.00027398008550576106,0.00015708936314198863
201,256,0.000959216183347322,56,0.0001444307750727812,0.0002739050599534533,0.00015416249217560055
1080,64,0.0008050564395950737,47,0.00016700310087298316,0.0002737198254097076,0.00016284483536115394
1728,32,0.0008050564395950737,47,0.00018595054290581372,0.0002735218531501356,0.00021002158606579825
2449,32,0.0005652523937582433,33,0.00017576963467489412,0.00027296142790077173,0.00015720205243013085
2143,32,0.0007536698583443243,44,0.0001807032176141485,0.000272622235117133,0.00017582833143130915
939,64,0.0006337678354259091,37,0.00019529071313603537,0.00027235178918005404,0.0001741208922092999
621,64,0.0008735718812627396,51,0.00017201656153773755,0.0002718913512097456,0.00017200720576987936
202,256,0.000924958462513489,54,0.00016429780189866972,0.00027088984417431196,0.0001317869949001045
1766,32,0.0008221853000119902,48,0.0001665588867061767,0.00026972488556127497,0.00015749348706006392
1124,64,0.0008393141604289067,49,0.00014528439973453928,0.0002691896263192686,0.00013376354846538448
72,512,0.0010791182062657371,63,0.0001247431219478658,0.0002690295853801368,0.00016123179559895007
1038,64,0.0010619893458488207,62,0.00017108594393256337,0.00026886384333178645,0.00016739546330728474
134,256,0.0009420873229304055,55,0.00015953953936766242,0.0002687465855510157,0.0001626989415557658
795,64,0.0013017933916856512,76,0.00015933694625596705,0.0002677967854523384,0.0001510796603078606
170,256,0.0012161490896010689,71,0.00016671373953450669,0.0002675633278251013,0.00021021441820989715
2116,32,0.0010962470666826536,64,0.0001651545468938532,0.0002667984737426321,0.0001574965723330972
60,512,0.0005481235333413268,32,0.00017213628962792966,0.00026655480286323814,0.0001781524162890681
1922,32,0.0014559531354378992,85,0.0001724977168192164,0.0002662685431399472,0.00015653327276653564
1241,32,0.0011305047875164865,66,0.00015713975974538484,0.00026526009729811495,0.00015665218965324538
593,64,0.0004624792312567445,27,0.00015426709571862948,0.00026474426149914176,0.0001379922058645973
375,128,0.001147633647933403,67,0.00014328601321215737,0.00026444935752331297,0.00014270400288244638
1817,32,0.0008564430208458231,50,0.00018357303365484353,0.000263945178426366,0.00017678261423966117
2447,32,0.0010277316250149877,60,0.0001293173664261141,0.0002639411229325705,0.0001465574603958693
1993,32,0.0008050564395950737,47,0.00014934733626662035,0.0002638767789228329,0.00013945240602878636
886,64,0.00037683492917216216,22,0.00010315768138783778,0.00026283019242073557,0.00011641939910583135
1129,64,0.0005309946729244103,31,0.00018282860269408637,0.00026249855360342716,0.00017803526331432938
290,128,0.0019355612271115602,113,0.00014917820723839748,0.0002610812699261534,0.00013572181914485318
252,128,0.0007879275791781573,46,0.00017097128822829593,0.0002606772821012241,0.00018475341267201137
164,256,0.0006680255562597421,39,0.00012914313427789086,0.00026063331031499193,0.00014415256959439117
2357,32,0.0016786283208578133,98,0.0001415901909187987,0.0002606190781848965,0.00018141947070140208
508,128,0.001181891368767236,69,0.00014151192456432794,0.0002605257633843345,0.0001292533873776628
1930,32,0.0012675356708518183,74,7.577098691989622e-05,0.00026004147894807215,7.501619226961398e-05
664,64,0.000479608091673661,28,0.00017062264299546763,0.00026000451818472526,0.00017535608185315492
204,256,0.001181891368767236,69,0.0001448227323121302,0.0002593640145301698,0.00015038047184632718
2264,32,0.0007022832770935749,41,0.0001465538752705675,0.00025912986539792414,0.0001443738245657354
1008,64,0.000959216183347322,56,0.00012482235748337089,0.00025897132158033364,0.00012237825444888094
1531,32,0.0005481235333413268,32,0.00017940047234707736,0.000258380701108599,0.0001801457046080084
1040,64,0.0007707987187612408,45,0.00015554536101525314,0.0002582472620294115,0.00014705331473958118
2373,32,0.0008393141604289067,49,0.00015512734370291172,0.0002574719446105136,0.00013800942337902365
987,64,0.000959216183347322,56,0.0001760395689061852,0.000257159889049902,0.0001778300282462291
920,64,0.00111337592709957,65,0.00014570192861978868,0.000256547267118236,0.00014176769383885044
1154,64,0.0007022832770935749,41,0.00016986821592415623,0.000256181592609858,0.0001926434060284581
185,256,0.0010619893458488207,62,0.00014985828532633092,0.00025607396142804286,0.0001206322655137136
166,256,0.0010962470666826536,64,0.00016375723169224067,0.00025482759074406375,0.0001845179967862607
1852,32,0.00044535037083982804,26,5.71944278827076e-05,0.00025427312338868903,8.083823493699029e-05
1369,32,0.0008564430208458231,50,0.00014042331801080986,0.00025250827387623395,0.00014555289006727769
1095,64,0.0007022832770935749,41,0.00015353263482438423,0.0002522118983625864,0.00015280919179476798
1762,32,0.0010277316250149877,60,0.00010900192945998812,0.00025163585384452,0.00012678647493708019
330,128,0.0007022832770935749,41,0.00014618774950177595,0.0002510037941043576,0.0001413781219807724
1553,32,0.0008564430208458231,50,0.00013176217965927303,0.0002507733739688769,0.00014466705744697886
1659,32,0.0013360511125194842,78,0.00014981273634140404,0.0002502142084809619,0.0001661531809036628
2079,32,0.002004076668779226,117,0.00012892559129884575,0.000250046049244604,0.00013661923021319566
495,128,0.0007879275791781573,46,0.00011435676271588198,0.00024945761475982884,0.00010817272502499084
821,64,0.00030831948750449634,18,0.00014031471139988827,0.0002479699730029296,0.00014144780895933417
713,64,0.0023809115979513884,139,0.00014083998910172178,0.0002466022730164866,0.0001285069026034447
1381,32,0.011459207618917113,669,0.00011867125863449132,0.00024586125673670015,0.00012047500946124769
917,64,0.0016101128791901475,94,0.00013050617396921356,0.0002448275055475929,0.00013578959371286426
749,64,0.00039396378958907863,23,0.00013716083771461954,0.00024384728633513174,0.00013573572293057418
1524,32,0.0008564430208458231,50,0.00013379190059117474,0.00024342186219334836,0.00013712079567751686
401,128,0.00039396378958907863,23,0.00015061136802032113,0.00024303508206141876,0.00019152990864799969
761,64,0.0005481235333413268,32,0.0001263361507479708,0.00024260503714739897,0.00014370912491210378
1000,64,0.0014045665541871498,82,0.00012486467707085872,0.00024245336479281047,0.00014187121725762764
1937,32,0.0003597060687552457,21,0.0001709013326863007,0.00024160460963676574,0.0001812244494411659
1072,64,0.001181891368767236,69,0.00014207337094191276,0.0002414462618256844,0.00013646267927374352
1386,32,0.0008564430208458231,50,0.00015005520486320776,0.0002411852519505878,0.00016691510794768425
518,128,0.0009763450437642383,57,0.0001501673425523802,0.00024109183224322697,0.0001701231303459812
1527,32,0.0013017933916856512,76,0.00013035256386252956,0.00024030653487135646,0.00013057914522817605
139,256,0.0005481235333413268,32,0.00015633768773238598,0.0002400688352869492,0.00016749236748737632
954,64,0.0007879275791781573,46,0.00015965600589380583,0.00023971162696027833,0.00016294231362685142
743,64,0.0006337678354259091,37,0.0001449199605224782,0.00023887200938945292,0.00014925639372510987
9,512,0.000924958462513489,54,9.938497025152e-05,0.00023812813057537765,0.00010775786552805566
800,64,0.0010962470666826536,64,0.0001534650803178427,0.00023720065809525328,0.0001443865674692971
1136,64,0.0005823812541751597,34,0.00012206904518279818,0.00023705785963756923,0.00011580682781371923
1009,64,0.0005481235333413268,32,0.00015337792376268132,0.00023687139707514156,0.000127945272628602
2004,32,0.0005995101145920762,35,0.0001277036365270982,0.00023637777850569623,0.00011036611101969208
1843,32,0.0007022832770935749,41,0.00014626313933117398,0.00023597968955622154,0.00013550933697341238
1458,32,0.0011990202291841524,70,0.00014423384396715543,0.00023596454480465855,0.00014012272024576931
559,128,0.0011647625083503195,68,0.00010450694203875509,0.00023560134555527737,0.00011267806942932032
649,64,0.0013874376937702334,81,0.00013647919771796096,0.00023413187446810884,0.00013837186956460363
603,64,0.0007536698583443243,44,0.00012756435127222446,0.00023285400651187194,0.00013637501059246443
679,64,0.0012504068104349018,73,0.00012119591848179806,0.00023264716658212163,0.00011726040991332629
1331,32,0.0004967369520905774,29,0.00014346489224542264,0.0002323792833489324,0.00014542383642963274
386,128,0.000479608091673661,28,0.00013429186455267975,0.00023237006471475078,0.00013657031148078415
1514,32,0.0010619893458488207,62,0.00014649390614320044,0.00023208833781118978,0.0001579802804986333
88,256,0.0010962470666826536,64,0.00014247709688672966,0.00023154459720983142,0.0001297259227224204
1807,32,0.0007879275791781573,46,0.00011953331896491037,0.00023129960369259117,0.00010816986531703764
968,64,0.00044535037083982804,26,0.00016332417870727273,0.00023125405600319583,0.000146725303251042
1305,32,0.0006680255562597421,39,0.0001248651213669703,0.00023099878865858272,0.00011577456742890094
784,64,0.0005995101145920762,35,0.00010039196696088839,0.00023091660616141662,0.00012135482347341744
1487,32,0.00022267518541991402,13,0.00014509941889769625,0.0002301136040413656,0.00013635148125030027
540,128,0.0011305047875164865,66,0.00012125329402391374,0.00022998821598368922,0.00013280380755574604
296,128,0.0006337678354259091,37,0.00012631702600276868,0.0002299726125525292,0.00013661325805873026
128,256,0.0007194121375104914,42,0.00013753068238633078,0.0002299127850850473,0.00011361257992488945
896,64,0.0010448604854319042,61,0.0001450567375203978,0.00022936794343607434,0.00014618275983591564
1393,32,0.0008221853000119902,48,0.00010359884718611149,0.0002289885710777749,9.909551681610295e-05
889,64,0.0006508966958428256,38,0.00014532046947292044,0.00022843051726351791,0.00013548057776548942
1434,32,0.0004624792312567445,27,0.00011348758024359425,0.00022834725645982395,0.00011912808727052959
990,64,0.0011305047875164865,66,0.00011926382337616689,0.00022790434828022833,0.00014160140669645406
1236,32,0.0004110926500059951,24,0.0001695724422253223,0.00022752500590496878,0.00018036988947828114
2139,32,0.0007022832770935749,41,0.0001024424869719215,0.00022722263432479363,9.797058417719047e-05
1468,32,0.0005481235333413268,32,0.00015440339625861355,0.00022685081627123356,0.00017281956270696227
1139,64,0.0008221853000119902,48,0.0001088093679411826,0.00022594513496367039,0.00010224763833043656
583,64,0.0007365409979274079,43,0.000130895767458874,0.00022593109396699417,0.00013801334585491468
538,128,0.0007022832770935749,41,0.00014228569763396231,0.0002253268489447336,0.00015160717006675574
1271,32,0.0007365409979274079,43,0.00013335725250991238,0.00022494389973836833,0.000124316655569161
105,256,0.0008907007416796561,52,0.00013041354983698412,0.0002248932990607256,0.00010986025236903436
950,64,0.0008907007416796561,52,7.795829311828331e-05,0.00022483863639183405,8.212004813217487e-05
604,64,0.0005138658125074939,30,0.00012016735603556118,0.0002246673130310613,0.00013510047326615828
1157,64,0.0012161490896010689,71,0.00013017967358389538,0.0002245824210958508,0.00013277258331734296
11,512,0.0008221853000119902,48,0.00014495179429771545,0.0002241278126948279,0.00013280426428204125
557,128,0.0007707987187612408,45,0.00012509328297713896,0.0002238838100392226,0.0001089983871336335
2314,32,0.0008907007416796561,52,0.00013858371567818838,0.00022387104416776515,0.00014549089673427927
276,128,0.0007536698583443243,44,0.00013403140202559506,0.00022379528413250227,0.00011180213909657527
1759,32,0.0004967369520905774,29,0.00012413893482736996,0.00022326369417498786,0.00013039804909171737
2451,32,0.0009934739041811548,58,0.0001507105998862972,0.00022296291223738242,0.00016210912025627625
295,128,0.0011647625083503195,68,0.00011901979828015218,0.0002222935209729417,0.0001056420227197783
301,128,0.000924958462513489,54,0.00011164774876296244,0.00022211991659995442,0.00010271357215015835
844,64,0.0007707987187612408,45,0.00011396991217467787,0.00022100972016498373,0.00010244792998852921
1733,32,0.0016101128791901475,94,0.00012600958177330776,0.00022033753655228665,0.00011604600747994684
1045,64,0.001147633647933403,67,0.00013183516317932272,0.00022014411278078262,0.0001675636399652119
2040,32,0.0008393141604289067,49,0.00012772869649195552,0.00022014382865256246,0.00011721745992792741
250,128,0.0008393141604289067,49,0.00011571122579745821,0.00021994747236378254,0.00010783753131509625
339,128,0.0007365409979274079,43,0.00013691715105396365,0.00021982097912990144,0.00013018214742015243
828,64,0.0015244685771055651,89,0.00011748675796736145,0.0002191022889119864,9.850846834090118e-05
692,64,0.0004967369520905774,29,0.000144099074008388,0.0002187955599771625,0.00016786173128709687
957,64,0.0004624792312567445,27,0.0001501484036872379,0.000218241723957671,0.00013264008447691494
288,128,0.0008393141604289067,49,0.00011010981860864024,0.00021805176772811668,0.00010479180604682441
87,256,0.0005309946729244103,31,0.0001258173011898927,0.00021753944914953854,0.00012989602151553887
353,128,0.0005823812541751597,34,0.00013113200097377182,0.0002167752346601329,0.00015425314578553274
1003,64,0.000959216183347322,56,0.0001447116583751645,0.00021676860130172323,0.00015578503431546697
1764,32,0.0006166389750089927,36,0.00013963754633314427,0.00021633512356652003,0.00013175153972837895
762,64,0.0006508966958428256,38,0.000149079797264075,0.00021603230704615446,0.0001434652149994795
717,64,0.0010791182062657371,63,0.00011124671320632334,0.00021589552617781217,0.00011298028864417602
901,64,0.0007365409979274079,43,0.00011776647483890907,0.0002154127261389117,0.00010969353513462739
1975,32,0.0008735718812627396,51,0.00012575416005578037,0.00021457329712959688,0.00012152102906666255
255,128,0.0013189222521025677,77,0.0001183605608499315,0.00021378770750768948,0.0001693486569076049
413,128,0.0004110926500059951,24,0.00010769444719063893,0.00021355291526292642,0.0001292647761824532
1502,32,0.0007536698583443243,44,0.00011973450452421633,0.0002120666462284097,0.00013679231493040288
2338,32,0.00025693290625374693,15,0.0001290897076896164,0.00021198228072228363,0.0001192202093267128
627,64,0.0010962470666826536,64,0.00012757112314118582,0.00021174640746372044,0.00014022646631032013
99,256,0.0009420873229304055,55,0.00012468684562832815,0.00021174047501809024,0.00012751520116483438
472,128,0.0007536698583443243,44,0.00013872900756086795,0.00021144486024793834,0.0001317039834027978
483,128,0.0010791182062657371,63,0.00012145207417997304,0.0002110140800387818,0.00012040904278304413
1656,32,0.002004076668779226,117,0.00010472848725297265,0.00021081643075678642,0.00014542724520968063
867,64,0.0009420873229304055,55,8.758449233453648e-05,0.00021069659443458341,8.433458504146164e-05
2199,32,0.000479608091673661,28,0.00014098316528802417,0.00021038031437870758,0.00012488847525722024
1998,32,0.0008393141604289067,49,0.00010037483006877341,0.0002103267684596095,9.577571411555572e-05
283,128,0.000924958462513489,54,0.0001255212506722095,0.00021025547474670252,0.00010580616212042685
320,128,0.0006337678354259091,37,0.00012979738384169258,0.00021021105666664376,0.00013985406339451354
1682,32,0.0005309946729244103,31,0.00014248332058012652,0.00021020707508138007,0.0001617707531485789
1649,32,0.0013703088333533171,80,0.00012785232277834224,0.00020812594131677724,0.00011389138006122214
262,128,0.0011647625083503195,68,0.00011964044162694691,0.00020721936424051605,0.00013234147792774736
356,128,0.0006166389750089927,36,0.00010678621076598866,0.0002067055499617145,0.00010794321819839978
190,256,0.0011647625083503195,68,9.825609296274929e-05,0.00020661116795444074,0.00010549475911836442
1481,32,0.0008735718812627396,51,0.00012045731131730856,0.00020582312121226044,0.00012169226451967283
978,64,0.00111337592709957,65,0.00010817223241196427,0.00020570953530481067,0.00012459061099675934
1350,32,0.0005138658125074939,30,0.000132390339448133,0.00020556623004576582,0.0001327889032806253
1352,32,0.0013017933916856512,76,0.00013702255933652427,0.00020516748444741255,0.0001244780650896366
2174,32,0.0006508966958428256,38,0.00012856770409368272,0.00020488095447067158,0.00012695325607079864
298,128,0.00111337592709957,65,0.00011485686963726067,0.00020467412374564683,0.00011352871115329656
645,64,0.0015415974375224816,90,0.00011311679235193807,0.00020402523499218742,0.00010606618114264369
772,64,0.0012332779500179854,72,0.0001088012433493526,0.0002033026988233472,0.00010397758088121923
2038,32,0.0004967369520905774,29,0.00013368266232528553,0.00020327378813396623,0.00013456450355491757
366,128,0.0012675356708518183,74,0.00010120854187786831,0.00020261319191712635,0.00013061918481497558
478,128,0.0007879275791781573,46,0.0001098581869995865,0.00020245880064904067,9.215966221060297e-05
235,256,0.0011305047875164865,66,0.00011345478785585025,0.00020237116056179288,0.0001360123046747519
1119,64,0.0007707987187612408,45,8.775754443846418e-05,0.00020217399371570832,9.667119674428113e-05
2112,32,0.0007707987187612408,45,0.00011590115227127706,0.00020196799886098354,7.445374157084024e-05
845,64,0.00042822151042291157,25,0.000136964360323458,0.00020177131810562726,0.0001312443905336876
729,64,0.0012846645312687348,75,0.00010139939558085172,0.00020154446074039685,9.317235524304689e-05
836,64,0.0014559531354378992,85,0.00011933358156666359,0.00020074950943881157,9.953512182232614e-05
2021,32,0.0005823812541751597,34,0.00011873917376551378,0.0002002056137784364,0.00011859938689402561
1409,32,0.0008735718812627396,51,0.00010951976707637074,0.00019975883616232907,0.00011278883211557284
321,128,0.0007707987187612408,45,0.0001168699920593756,0.0001996010775890479,9.641989268460407e-05
195,256,0.000479608091673661,28,0.00012389505231475003,0.0001991406503124647,6.440162538218169e-05
2186,32,0.0007707987187612408,45,0.00013054886969099497,0.00019849540690105845,0.00014369491070360406
1543,32,0.00018841746458608108,11,0.00013729838609380978,0.00019817973787652417,0.0001392505053383002
274,128,0.0009078296020965725,53,0.00010397834115795857,0.0001971274326679389,0.00010939892180109193
75,512,0.0006680255562597421,39,0.00010399401103157078,0.0001970131688595236,9.848630611474368e-05
2009,32,0.0007707987187612408,45,6.529734969438751e-05,0.0001963758472312206,7.091542160222494e-05
2307,32,0.0010791182062657371,63,8.943338959379782e-05,0.00019612871060344482,9.41141465846727e-05
1972,32,0.0007879275791781573,46,0.00010877256345085074,0.0001955471399336276,0.00013321810853670986
1875,32,0.0005309946729244103,31,8.106307692879267e-05,0.00019503069350940372,8.885491284528402e-05
2046,32,0.0005995101145920762,35,8.073287427581591e-05,0.00019437722134406463,7.284412197238427e-05
419,128,0.0006337678354259091,37,7.729068035093778e-05,0.00019327380567847637,9.497695254504837e-05
443,128,0.00029119062708757987,17,0.0001338306110161422,0.00019273896591138112,0.00010730091758251428
1634,32,0.0005995101145920762,35,0.00012714286108909368,0.00019247084931132597,0.00011331884182176785
111,256,0.0007365409979274079,43,0.00010752861160592956,0.00019235582760205078,9.795236499926077e-05
398,128,0.0012161490896010689,71,0.00011451327899375433,0.0001920771744338532,0.0001236838111580383
1127,64,0.00039396378958907863,23,0.00010379424215586208,0.00019202790194396488,0.00010563987638184995
835,64,0.0007707987187612408,45,0.00011044475722538763,0.0001916879930868222,0.00010321647165139388
1282,32,0.0008907007416796561,52,0.00011229670578046446,0.00019167122194146903,0.00011800042826099297
1658,32,0.0006337678354259091,37,9.68452728898713e-05,0.0001913445458248793,0.00010198875272656469
400,128,0.0008393141604289067,49,0.00010068259444246312,0.00019129161188466808,0.00012161480711938274
1376,32,0.0012332779500179854,72,0.00010944606449125571,0.00019075588088355582,0.00010652670163015932
2129,32,0.0007536698583443243,44,7.332095633251988e-05,0.00019063246608892363,7.628772468198206e-05
153,256,0.0010448604854319042,61,0.00011248134671431917,0.0001905384464500374,7.1729209695008e-05
2392,32,0.0005138658125074939,30,0.00012252205045020965,0.0001905048673404288,0.00012944661139159568
2297,32,0.0013189222521025677,77,0.00011347535317350995,0.00019044934829365017,0.0001369551750941458
1082,64,0.0007879275791781573,46,8.655243725556023e-05,0.00019001668619188708,9.713832740946555e-05
660,64,0.000479608091673661,28,0.00011239325683614039,0.0001898584120186103,0.00010627547592913467
2308,32,0.0008393141604289067,49,0.00010286510941205564,0.00018968065793875406,0.00010351329780009228
1144,64,0.0010448604854319042,61,0.00012475349674830323,0.00018904281282552515,0.00011096860773731108
574,64,0.0012161490896010689,71,0.00010445421895229245,0.00018840888628579886,0.00010297897239540067
1795,32,0.00039396378958907863,23,0.00013214282131099507,0.00018812811339112963,0.00013341970099948057
1510,32,0.0017985303437762286,105,0.00010856621720377793,0.00018792032706669068,9.571844265708489e-05
850,64,0.00042822151042291157,25,0.00011672408517613256,0.00018678639875106313,0.00014796752541804513
1839,32,0.0004967369520905774,29,7.028674419161294e-05,0.00018628593321942945,6.573647717545332e-05
1735,32,0.0005309946729244103,31,7.492836392300912e-05,0.00018590081508191978,7.149678986637049e-05
558,128,0.000924958462513489,54,8.629160094877012e-05,0.0001857425786750906,8.495899854654056e-05
1591,32,0.000959216183347322,56,0.00011567855256846624,0.00018560186867488398,0.0001118138474106852
1701,32,0.000924958462513489,54,0.0001008633480469624,0.0001849296680740537,9.09926016119462e-05
119,256,0.0009934739041811548,58,9.687654363298601e-05,0.0001847928620280797,0.0001183716926281324
1084,64,0.0006166389750089927,36,0.00011550195345293632,0.0001845204887839026,0.00011377018939529693
1796,32,0.00037683492917216216,22,0.00012927366507822975,0.00018432905242094015,0.00011599329016509669
2200,32,0.0005138658125074939,30,0.00010145338688742736,0.0001842555644638935,8.982760595521044e-05
192,256,0.0007879275791781573,46,9.304423190382642e-05,0.0001838615763550241,8.833975498793221e-05
2236,32,0.00111337592709957,65,0.0001071601004989388,0.00018365918941431396,8.52949925101254e-05
985,64,0.0005652523937582433,33,0.00010767493419522374,0.0001834250094191649,0.00010838883987292874
2472,32,0.0009420873229304055,55,9.700308769759599e-05,0.00018322467929468805,9.070311934080029e-05
887,64,0.0006166389750089927,36,0.00011753962164953808,0.00018318797034149915,0.00012817137608623128
1103,64,0.0010962470666826536,64,0.00011256351498829673,0.0001831619018818653,0.00010723730669210933
815,64,0.0006680255562597421,39,0.00010139925084067969,0.0001830483169219608,0.00010674833277408311
2450,32,0.0011305047875164865,66,9.997800946903364e-05,0.00018293996972163317,0.00010123542045260935
614,64,0.001558726297939398,91,9.817917191722537e-05,0.00018274129485723657,0.00010000454456742761
1433,32,0.0005823812541751597,34,7.642704151641371e-05,0.0001826827198415685,6.669792962183318e-05
1678,32,0.0006337678354259091,37,0.00011588558397676809,0.00018264039373844108,0.00012164162190967023
2147,32,0.00029119062708757987,17,9.337293865311883e-05,0.00018249898702172692,8.302024024353024e-05
477,128,0.0006680255562597421,39,0.00010374797338800762,0.00018246327593523986,0.00010000991685705622
1446,32,0.0005823812541751597,34,5.4994851484274774e-05,0.00018233592801551683,6.450787828550994e-05
44,512,0.0007194121375104914,42,0.00011016205396194434,0.0001820987880242788,0.0001164827529185988
662,64,0.00111337592709957,65,8.847894351326103e-05,0.0001819067916620563,9.221059804021433e-05
1828,32,0.0004624792312567445,27,0.00012404653958791092,0.00018107406680631987,0.0001243773153757249
754,64,0.0007536698583443243,44,0.00011448536085238329,0.0001809823521390074,0.00011700210574596972
857,64,0.0008907007416796561,52,9.877336116920213e-05,0.00018080876224992653,9.785868097692348e-05
1572,32,0.00025693290625374693,15,0.00011389401459652661,0.00018043758304493013,0.00011814532351680467
187,256,0.0006166389750089927,36,0.00010864942950948868,0.00018042527118302507,9.198150189463868e-05
2181,32,0.0004110926500059951,24,8.31441604322925e-05,0.00018032013589046713,7.403092300435916e-05
1806,32,0.0014388242750209828,84,7.844961543411511e-05,0.00018023059042502623,6.890984348161143e-05
1541,32,0.0009420873229304055,55,9.146710438421718e-05,0.00018013182101238198,9.082968935373763e-05
1636,32,0.009934739041811549,580,5.880085157518886e-05,0.00017992793711933504,5.531549362231844e-05
1566,32,0.0010106027645980713,59,7.081126309550332e-05,0.00017925760572077272,0.00014012094908498487
542,128,0.0005481235333413268,32,0.00011072375747300038,0.0001783563068778082,0.000112261437903785
91,256,0.0004967369520905774,29,0.00010071703355515436,0.00017825865692222965,0.0001506563395313323
485,128,0.0010448604854319042,61,0.00010743372015205436,0.00017814806160304503,9.749896578181e-05
2076,32,0.0005309946729244103,31,0.00010175433550843889,0.00017814530330719714,0.00011803969643621208
726,64,0.0005138658125074939,30,8.60188333247606e-05,0.0001776846653963745,7.773870264535793e-05
367,128,0.0008564430208458231,50,9.181964764733413e-05,0.00017749230842549138,9.801012027774326e-05
475,128,0.0012675356708518183,74,9.3673426735189e-05,0.00017735897080133054,9.134435069289225e-05
1868,32,0.0003425772083383293,20,0.00010780470446358339,0.00017732846444569916,0.00011522169328050766
355,128,0.0005823812541751597,34,0.00010199166950616179,0.00017715684342034513,0.00010203443316642628
969,64,0.0006337678354259091,37,9.271587899441906e-05,0.00017673527754757552,7.232390689354892e-05
358,128,0.0008564430208458231,50,0.00011056459043135101,0.00017638407719943,0.00011557157941639757
404,128,0.0007879275791781573,46,9.538641763581673e-05,0.000176271126282681,9.725475312912832e-05
718,64,0.0007707987187612408,45,0.00011161632637862661,0.00017567586236530506,0.0001061202111691137
1306,32,0.00044535037083982804,26,9.826147796332543e-05,0.0001755720086954192,9.850814689175835e-05
705,64,0.0006337678354259091,37,0.00010222898631666725,0.00017539689366452948,0.00011025127572543337
162,256,0.0005138658125074939,30,0.00011213316514712114,0.00017539659261585786,9.919488232569598e-05
1959,32,0.000959216183347322,56,8.348158424985394e-05,0.00017525310136721104,9.169400598980745e-05
1428,32,0.0004624792312567445,27,0.00010947662573761123,0.00017492833252390498,0.000105745416961637
728,64,0.0006680255562597421,39,0.0001131558965929439,0.00017469072417457173,9.676592280907555e-05
1269,32,0.0007022832770935749,41,0.00010313596416608262,0.00017459585675338774,0.00011111564466016078
108,256,0.00044535037083982804,26,9.921455444405216e-05,0.0001743819959192085,9.721500298438689e-05
40,512,0.0007194121375104914,42,0.00010301028238005631,0.00017429656483073402,0.00011785349568021855
1961,32,0.00042822151042291157,25,0.00010759252387085839,0.00017415139845739695,0.00010952406945134404
1855,32,0.0008050564395950737,47,7.70032894334602e-05,0.00017376953303978578,9.124700152754132e-05
2362,32,0.0006508966958428256,38,9.380155402743758e-05,0.00017338203365330738,9.110348569029999e-05
1206,32,0.00039396378958907863,23,8.468939300044378e-05,0.00017320878961825346,8.14124617415941e-05
1290,32,0.0006166389750089927,36,8.051477600320331e-05,0.00017277807099954007,7.470319269086566e-05
891,64,0.0007879275791781573,46,9.200400279863294e-05,0.00017266510681715713,0.00010155740960651679
1402,32,0.00044535037083982804,26,0.0001276511090915982,0.00017257520290887344,0.00012393100817784529
766,64,0.00044535037083982804,26,6.390070086356084e-05,0.00017193971813093533,7.509580588561695e-05
389,128,0.0008907007416796561,52,9.754128535015483e-05,0.00017186035417488438,8.274918071690436e-05
2476,32,0.0003425772083383293,20,0.00011022624385929968,0.00017173116355032029,0.00012192941848711561
611,64,0.0010619893458488207,62,8.659034012059501e-05,0.00017171928816837995,8.724987532645686e-05
1077,64,0.0002740617666706634,16,0.00011517085436549016,0.00017160509143263405,0.00011366657296709648
730,64,0.0012332779500179854,72,9.610195339682683e-05,0.00017151520187289314,8.830701679400212e-05
2102,32,0.0007536698583443243,44,8.489930900578055e-05,0.00017038933588163832,9.074905199597909e-05
1475,32,0.0005309946729244103,31,0.00010013556299085283,0.00017013985810636367,9.152736388526802e-05
1120,64,0.000959216183347322,56,0.00010350434075525973,0.00016996741752202483,9.811730603189508e-05
1092,64,0.0006337678354259091,37,0.00010498925821834575,0.0001699100030462785,9.940671215497448e-05
1173,64,0.0009934739041811548,58,9.291507544916467e-05,0.0001695914932809968,8.27800287572039e-05
1148,64,0.0006680255562597421,39,8.800512423518342e-05,0.0001695434803495119,6.348981132990197e-05
775,64,0.0017642726229423957,103,0.00012769117028186384,0.0001692989339382799,0.00012904135172292077
565,64,0.0005481235333413268,32,0.00010515656756467727,0.00016920153697729093,9.765752170732828e-05
1380,32,0.00111337592709957,65,9.741467886343434e-05,0.000169121010112455,9.102782836947616e-05
381,128,0.00042822151042291157,25,0.00010618995893306007,0.00016905566170472133,0.00011262011945383437
702,64,0.0013360511125194842,78,0.00010422319773626655,0.0001689718844888501,0.00011786144083918935
1985,32,0.000924958462513489,54,8.250045133877286e-05,0.00016880036809956763,7.987340694279883e-05
1052,64,0.0005138658125074939,30,0.00010705925395338617,0.00016870484511241393,0.00012063092735467472
322,128,0.000479608091673661,28,0.00010272673819044308,0.00016861895256938843,0.00011064118286665738
2408,32,0.0009078296020965725,53,9.329915250883823e-05,0.00016854826609764189,8.797058088251287e-05
2337,32,0.00029119062708757987,17,0.00010508185766887588,0.00016853303945109404,0.00010197086770872535
50,512,0.0007022832770935749,41,8.60307741049997e-05,0.00016847917908232685,0.00016065193656839317
260,128,0.0006337678354259091,37,9.558500346177994e-05,0.00016842261221967377,8.576199108865633e-05
2092,32,0.0008221853000119902,48,9.37098014661198e-05,0.00016841005267620088,7.956041767574289e-05
500,128,0.0010448604854319042,61,9.46621253081615e-05,0.00016783439144019995,8.414118567771048e-05
1116,64,0.0010791182062657371,63,8.927984290306473e-05,0.00016781120054021578,7.591504059389045e-05
74,512,0.0005481235333413268,32,8.688443011021871e-05,0.0001677747774411331,8.200234598324549e-05
1067,64,0.00029119062708757987,17,0.00012325894563128788,0.00016776741704476695,0.00011589761256591725
157,256,0.0005309946729244103,31,8.908977680025303e-05,0.0001677319594943239,9.727599444969003e-05
659,64,0.0006680255562597421,39,0.00010365964144029806,0.00016770658775119756,0.00011820672413168376
799,64,0.0003425772083383293,20,0.00011667369379877352,0.0001673046715309761,0.00012175159544516859
566,64,0.0013017933916856512,76,9.444125670623122e-05,0.00016707152212668192,9.015814943642021e-05
635,64,0.0007536698583443243,44,7.08916512433946e-05,0.00016666793463963317,9.64153604405677e-05
2428,32,0.00039396378958907863,23,8.112864918795358e-05,0.00016632044582634675,8.011192871539607e-05
1899,32,0.0009078296020965725,53,9.986855146710579e-05,0.00016626252847478433,0.00011235102542766052
470,128,0.0010962470666826536,64,7.655987193900899e-05,0.00016606154572849634,8.484768842172877e-05
2365,32,0.0003597060687552457,21,8.843080197361389e-05,0.0001659126947576588,9.81233659888896e-05
1849,32,0.0007022832770935749,41,7.98254764801764e-05,0.00016589960408121596,7.275155286349847e-05
2353,32,0.000959216183347322,56,0.00010887966624565077,0.00016574724827575385,9.708200282725136e-05
2299,32,0.0006680255562597421,39,7.980892867060727e-05,0.00016556571924318658,7.504190370881793e-05
551,128,0.0005823812541751597,34,0.00010096836770123583,0.00016519277841615232,0.00012885278333599678
2468,32,0.00037683492917216216,22,9.180634439964522e-05,0.00016492745585639865,8.014916538512241e-05
624,64,0.0008050564395950737,47,9.950464167526158e-05,0.00016481546087747286,9.779656763011931e-05
338,128,0.0004624792312567445,27,0.00010702266309806146,0.0001642220503586633,9.991819312827679e-05
492,128,0.0006508966958428256,38,6.586362856109598e-05,0.00016397023072523082,8.757179792655772e-05
2119,32,0.0003254483479214128,19,5.9194556452571686e-05,0.00016376725732167457,4.685131713919755e-05
1706,32,0.000479608091673661,28,9.871207682726884e-05,0.00016361211640990932,0.00010740142738367246
1803,32,0.0004624792312567445,27,8.6580961164191e-05,0.0001633387705781848,9.835532761084041e-05
1528,32,0.00044535037083982804,26,7.736789766538977e-05,0.00016323364232453464,9.567459069212956e-05
1074,64,0.0008907007416796561,52,9.236693613510542e-05,0.0001629719896076478,7.746417961524741e-05
2128,32,0.00022267518541991402,13,0.00012228916722075328,0.00016259676357212704,0.00013857039225697508
1328,32,0.0005309946729244103,31,8.238321837184628e-05,0.00016233485308908332,7.52839159637583e-05
456,128,0.00044535037083982804,26,0.00010319786015057931,0.00016221471900077628,0.00010819192927582973
563,64,0.0007879275791781573,46,8.632678878859477e-05,0.00016207816371589226,9.931731006289367e-05
1482,32,0.0005823812541751597,34,8.567225341990368e-05,0.0001619726961733503,8.774939089524975e-05
1021,64,0.0006851544166766586,40,7.980882836132259e-05,0.00016102826615217996,6.559581481831139e-05
2258,32,0.0006508966958428256,38,8.500042522904836e-05,0.00016074800770691556,7.818172602864965e-05
504,128,0.0007194121375104914,42,8.9166638036685e-05,0.00016065319903353889,7.669693051281169e-05
905,64,0.0005481235333413268,32,9.305175758876691e-05,0.00016004340559221347,8.382464752941994e-05
1039,64,0.0006508966958428256,38,6.284018937414804e-05,0.00015998439896967067,6.967846077206148e-05
678,64,0.0008564430208458231,50,9.138604359940021e-05,0.00015966544812206145,8.917717662457276e-05
1516,32,0.0006337678354259091,37,8.489836109899277e-05,0.00015941641535465904,9.811570779614977e-05
1663,32,0.0003254483479214128,19,7.743837427328054e-05,0.00015911062388052543,6.350638690319232e-05
937,64,0.000479608091673661,28,0.00010668540195765675,0.0001586788251278754,0.00010060347798275712
1825,32,0.0006337678354259091,37,9.816846009801061e-05,0.00015866704984732568,9.425781528509622e-05
2218,32,0.0008050564395950737,47,9.253230066179864e-05,0.00015824302137205692,9.762210027831886e-05
2158,32,0.0006680255562597421,39,9.15837901550624e-05,0.00015816981605423072,8.96450312650003e-05
2173,32,0.0010791182062657371,63,4.775499594936319e-05,0.0001579144006218268,4.896860401831449e-05
1619,32,0.0007022832770935749,41,9.135079672577484e-05,0.00015750019243815114,7.231820866255506e-05
537,128,0.0011990202291841524,70,8.333924740404352e-05,0.00015732044810711748,9.744704638520493e-05
674,64,0.0004967369520905774,29,0.00010065920469738678,0.0001572599928232062,9.98807233989885e-05
1672,32,0.0007365409979274079,43,9.774650440833174e-05,0.00015719647331322522,8.747122028263141e-05
676,64,0.0005995101145920762,35,8.440893959226014e-05,0.00015695265299240437,8.779575992134091e-05
1756,32,0.0010448604854319042,61,9.219226501252272e-05,0.00015650953486384756,8.844631249456922e-05
1416,32,0.00037683492917216216,22,0.0001131689570340968,0.00015625587042743805,0.00011526013230887867
2029,32,0.00044535037083982804,26,8.782280181771945e-05,0.00015609278353632402,8.395426943320082e-05
371,128,0.0006680255562597421,39,7.550305075926497e-05,0.00015565872495586463,6.273827226945932e-05
2105,32,0.0006508966958428256,38,5.711259757189505e-05,0.0001553759048896194,6.289320013832289e-05
1731,32,0.00029119062708757987,17,6.325479892740122e-05,0.0001552868391528171,7.158032003669859e-05
1604,32,0.0012504068104349018,73,8.590529982742508e-05,0.00015466918629717232,8.498514499112336e-05
2404,32,0.0008735718812627396,51,6.679454822675132e-05,0.00015415645147548934,7.119576905394088e-05
1201,32,0.00044535037083982804,26,8.09565778338091e-05,0.0001541326552294353,7.63576111305336e-05
2372,32,0.0009934739041811548,58,0.00010596349041854932,0.0001541206848899216,9.748856963055411e-05
571,64,0.0007536698583443243,44,8.888422309064895e-05,0.0001538991022892953,7.799448759480143e-05
1556,32,0.0006166389750089927,36,8.4471644585176e-05,0.00015377380859697646,9.163777459568446e-05
1988,32,0.0005138658125074939,30,8.877179075252426e-05,0.00015286524573653707,9.56912645710713e-05
853,64,0.0006851544166766586,40,9.141817837746823e-05,0.00015281201616219867,9.730179943432105e-05
16,512,0.00039396378958907863,23,9.124377013923097e-05,0.0001526839939963276,9.218750224856151e-05
1220,32,0.000479608091673661,28,0.00010556476901369851,0.00015250193535363098,0.00011743025022498775
102,256,0.0007536698583443243,44,8.193264272037745e-05,0.0001523474486541993,6.70942205174017e-05
1677,32,0.000924958462513489,54,6.933587812838926e-05,0.00015219589102027142,6.810726823122475e-05
1337,32,0.0009420873229304055,55,7.460922814072413e-05,0.00015212633233045267,8.790319416430726e-05
792,64,0.00037683492917216216,22,9.025481393347419e-05,0.00015156076461749429,9.164768566349114e-05
1687,32,0.0008050564395950737,47,7.68959015085613e-05,0.00015081107965203818,7.548566361239434e-05
533,128,0.0007536698583443243,44,7.830801475444401e-05,0.00015079352312701206,6.361963665989123e-05
227,256,0.0005481235333413268,32,8.130854055694093e-05,0.00015058721084461871,6.636285847814344e-05
960,64,0.00025693290625374693,15,9.124655102909993e-05,0.0001504899945940509,0.0001026152976380372
2376,32,0.0008393141604289067,49,9.071832049822252e-05,0.0001496873823212005,8.710674708378107e-05
2277,32,0.00042822151042291157,25,8.87145895743627e-05,0.0001496116412368432,7.594832645609573e-05
2390,32,0.0002398040458368305,14,8.610342819646884e-05,0.00014950820232106246,9.69059449224269e-05
910,64,0.0008735718812627396,51,7.362687704293343e-05,0.00014851161832480936,8.880090127265951e-05
313,128,0.00042822151042291157,25,9.563702173513571e-05,0.00014799936722499147,8.059238948907946e-05
345,128,0.0007536698583443243,44,6.536542036940882e-05,0.00014794555910657825,8.028753798503049e-05
2184,32,0.0004624792312567445,27,7.439918495891163e-05,0.00014790316999168976,7.843105478666214e-05
293,128,0.0004110926500059951,24,8.413074517852019e-05,0.00014781001681527965,0.00010168377880945482
2268,32,0.0005823812541751597,34,9.889090263663184e-05,0.00014747600899940938,9.006768415525571e-05
2260,32,0.0005138658125074939,30,8.132566096534346e-05,0.0001474562104320834,8.25133531547026e-05
2232,32,0.00039396378958907863,23,8.29317670907214e-05,0.00014693592659964725,7.596415452102325e-05
2115,32,0.0005652523937582433,33,8.496306169152707e-05,0.00014684373423415038,8.514222118878658e-05
126,256,0.0006166389750089927,36,7.702509284813776e-05,0.00014630141237880238,7.045674593773182e-05
251,128,0.0007536698583443243,44,8.320923401328848e-05,0.0001459486382933115,8.945329045018521e-05
925,64,0.0004110926500059951,24,9.322433426369498e-05,0.0001458578323219219,8.325458718453728e-05
1143,64,0.0005138658125074939,30,0.00010229820031653254,0.00014576883914001526,0.00010406571353760696
63,512,0.000479608091673661,28,7.128197413852723e-05,0.00014573226416296066,7.950653918520752e-05
1782,32,0.0005138658125074939,30,7.699604283262321e-05,0.00014563508297156817,8.24080428268385e-05
462,128,0.00044535037083982804,26,9.704784660971452e-05,0.0001456284511021582,9.389753358500219e-05
922,64,0.001884174645860811,110,6.198383684462423e-05,0.00014558497454369805,5.883027527070573e-05
1772,32,0.0008393141604289067,49,7.959195699505305e-05,0.0001453910723971916,8.749017360711465e-05
2315,32,0.0007365409979274079,43,5.4901466660541144e-05,0.00014516120650801752,5.357365743410808e-05
961,64,0.00018841746458608108,11,0.0001032802300321809,0.00014487573615762603,9.43295016089221e-05
1693,32,0.0004967369520905774,29,7.867858238043875e-05,0.00014474736691945551,9.283363095261929e-05
804,64,0.0010277316250149877,60,7.315514132333777e-05,0.00014468412125006024,6.168795590434919e-05
212,256,0.0008221853000119902,48,9.241459197872755e-05,0.00014459809469705953,7.019975839992771e-05
1913,32,0.00042822151042291157,25,7.040957099481489e-05,0.00014392891209562568,5.441745467017802e-05
2261,32,0.0005481235333413268,32,9.316374390791063e-05,0.00014271483600095575,8.479073000224574e-05
79,512,0.0005995101145920762,35,9.249574619092313e-05,0.0001427083610179713,0.00010115101557510922
2045,32,0.0004967369520905774,29,6.974068772614965e-05,0.00014269652888470482,7.66588640581375e-05
2385,32,0.00037683492917216216,22,6.4284489304325e-05,0.00014222036734803128,6.542640815925725e-05
1690,32,0.0002740617666706634,16,8.112287616209455e-05,0.00014190456620861232,7.891320113918809e-05
71,512,0.0005309946729244103,31,8.146185819537866e-05,0.0001418929930259343,7.20121326195132e-05
2060,32,0.0005138658125074939,30,8.690787665574654e-05,0.00014169792133782592,9.574575140040849e-05
221,256,0.0005481235333413268,32,6.22867830633041e-05,0.000141353030152241,0.00011406637678059621
1694,32,0.0008564430208458231,50,8.477553916927787e-05,0.0001408315905704859,8.639149052970867e-05
383,128,0.0003425772083383293,20,6.947753950092049e-05,0.00014065382755663126,7.00727602603271e-05
572,64,0.0005995101145920762,35,8.445552915201466e-05,0.00014063783705322466,7.147996850980867e-05
554,128,0.0004624792312567445,27,6.0080361864296083e-05,0.00014052472830250484,5.89401589872797e-05
285,128,0.0005309946729244103,31,8.460977262696419e-05,0.00014042112167120965,7.27357751829292e-05
1126,64,0.0003425772083383293,20,9.543695795204433e-05,0.00014025453630756076,8.66441910069341e-05
1205,32,0.0006508966958428256,38,7.559627990260591e-05,0.0001402429497238852,6.833531580020156e-05
2419,32,0.0007536698583443243,44,7.635619862489465e-05,0.00014002790950040132,7.520541185012071e-05
458,128,0.0005138658125074939,30,8.761496689503751e-05,0.00013995463579011047,7.439400991868558e-05
1631,32,0.0002398040458368305,14,8.694933921621185e-05,0.00013988446112817837,9.469195672789895e-05
225,256,0.0006851544166766586,40,7.80608385111657e-05,0.0001398642231853754,6.480534809821372e-05
2154,32,0.00039396378958907863,23,5.9863766086938514e-05,0.000139838588160025,8.261704699716781e-05
2103,32,0.0008907007416796561,52,7.773734919744843e-05,0.00013968835526207942,7.462387178399164e-05
376,128,0.00044535037083982804,26,7.26085716581539e-05,0.00013965805384695562,6.638652304641202e-05
2346,32,0.0007022832770935749,41,9.419920874641793e-05,0.0001395519623458472,9.492205372021023e-05
1811,32,0.0003254483479214128,19,9.361956460553188e-05,0.00013929523442786785,9.255811667279377e-05
1443,32,0.0005309946729244103,31,7.857983479390616e-05,0.00013922637252223842,7.260629677502581e-05
337,128,0.0005481235333413268,32,8.124520925633356e-05,0.00013922224799300115,8.097384877632963e-05
1977,32,0.0010791182062657371,63,7.33317643101803e-05,0.0001391960207518512,7.506743464235743e-05
393,128,0.0006337678354259091,37,5.809119341103134e-05,0.00013909051889463375,5.0137824737854756e-05
671,64,0.0004624792312567445,27,7.423446985188378e-05,0.00013845302369634013,6.641402575930532e-05
1517,32,0.00042822151042291157,25,9.064438638179451e-05,0.00013808100659058961,9.043600504470344e-05
1668,32,0.0005652523937582433,33,7.395400795697312e-05,0.00013788261280873193,7.025983973075927e-05
1100,64,0.0005823812541751597,34,7.174647851265628e-05,0.00013783831154746975,7.039821748651354e-05
263,128,0.00039396378958907863,23,7.285531442430232e-05,0.00013780971029930429,6.181777863089137e-05
362,128,0.0004624792312567445,27,7.241153001450404e-05,0.00013780946420825888,6.434660678601572e-05
1878,32,0.0006508966958428256,38,8.797284015772046e-05,0.00013758864785027496,9.899737283367184e-05
2367,32,0.00044535037083982804,26,9.202015385371425e-05,0.00013655814856888452,7.064767506410867e-05
600,64,0.0008735718812627396,51,7.842407598513411e-05,0.00013650599283407484,7.223596074096354e-05
656,64,0.0008907007416796561,52,7.014851581980184e-05,0.0001361375533885718,8.234338022038383e-05
1199,64,0.0005138658125074939,30,6.966417447423966e-05,0.00013613567677514608,7.247869866849241e-05
90,256,0.0005309946729244103,31,7.291112749616508e-05,0.00013602291645036183,7.890893092444347e-05
1023,64,0.0005138658125074939,30,7.065429052524361e-05,0.00013601951435671821,6.995727155189843e-05
734,64,0.0008564430208458231,50,6.346141500932128e-05,0.00013600216913428942,5.558590660710894e-05
1455,32,0.0004624792312567445,27,6.479127224250732e-05,0.00013576034143350917,6.69701828417088e-05
617,64,0.0005138658125074939,30,6.591705320954713e-05,0.00013571115246296904,8.258113680925446e-05
2177,32,0.0004624792312567445,27,8.437986432394697e-05,0.00013566399262680365,7.853964635119102e-05
2047,32,0.00018841746458608108,11,9.212057860574388e-05,0.00013531293823447206,8.223925752382161e-05
1363,32,0.00030831948750449634,18,9.149331253304826e-05,0.00013527215209546895,9.031565248454716e-05
418,128,0.0005652523937582433,33,6.438611008185905e-05,0.00013509504478294762,7.067909818544974e-05
1140,64,0.0007536698583443243,44,5.659583904125677e-05,0.000134943461632979,4.607040866877878e-05
1916,32,0.000479608091673661,28,8.95588101258236e-05,0.0001349307504484205,8.826446166474421e-05
1508,32,0.00017128860416916464,10,9.331510551370176e-05,0.00013424674898331794,7.579981237055209e-05
989,64,0.0012504068104349018,73,7.494050628534824e-05,0.00013418888692779074,9.166289346991302e-05
2157,32,0.0003597060687552457,21,7.80721606728156e-05,0.00013387062406573612,4.905746877933647e-05
154,256,0.0006337678354259091,37,7.46823860949189e-05,0.0001337457930970022,8.201412770435357e-05
2163,32,0.0006337678354259091,37,8.189268128484791e-05,0.00013371311324170457,8.15317110017148e-05
2375,32,0.00037683492917216216,22,7.04406287115101e-05,0.00013347255352571258,7.006979840536185e-05
259,128,0.0006166389750089927,36,6.907233903514271e-05,0.00013331120889964,7.267686606690894e-05
1312,32,0.0005995101145920762,35,7.387880588205301e-05,0.00013305527157283261,8.090537337057331e-05
720,64,0.0004110926500059951,24,8.971883832619154e-05,0.00013233580132210725,9.408263642652228e-05
1096,64,0.0008221853000119902,48,7.006594142403175e-05,0.0001322629204708574,5.41457967591068e-05
1539,32,0.0005481235333413268,32,8.583498643588535e-05,0.00013213847758959714,8.410302720904867e-05
2033,32,0.0008393141604289067,49,6.220397531125568e-05,0.00013213743244715407,5.157425007013408e-05
958,64,0.0005652523937582433,33,8.298989252450256e-05,0.00013210805881422232,7.035950091026422e-05
862,64,0.0005995101145920762,35,7.125140628783905e-05,0.0001321057459915591,7.092619992419828e-05
1412,32,0.00030831948750449634,18,7.215199252949691e-05,0.00013198256185652062,7.98352587858294e-05
360,128,0.0007365409979274079,43,6.913010089881488e-05,0.00013194789266374998,7.686914749089641e-05
1,512,0.00039396378958907863,23,6.779865466956826e-05,0.00013177523624213286,7.01215892376242e-05
1702,32,0.00025693290625374693,15,8.135445405636447e-05,0.0001315118847119238,6.94291061327221e-05
745,64,0.0006680255562597421,39,7.030590842561967e-05,0.00013092848284317247,6.08294557519236e-05
1974,32,0.00017128860416916464,10,9.2038851469284e-05,0.00013068599219910574,9.975767407603765e-05
2055,32,0.0005652523937582433,33,7.903152371891005e-05,0.00013031252074671506,7.960699510522067e-05
864,64,0.0008393141604289067,49,7.602171732308949e-05,0.0001303009303728584,7.200346962381913e-05
1924,32,0.0002740617666706634,16,6.250307124466497e-05,0.0001301050842695296,5.8439737788999654e-05
1083,64,0.0010277316250149877,60,7.957188076810915e-05,0.00012999089558791857,7.691911044806629e-05
562,64,0.0008050564395950737,47,6.933616055134983e-05,0.00012988601965203993,7.738776839230101e-05
1275,32,0.0006166389750089927,36,6.978854777446189e-05,0.00012929461826763155,7.272123593916593e-05
2190,32,0.0010277316250149877,60,6.32741205311698e-05,0.00012888101915252507,5.938031349950544e-05
594,64,0.0005309946729244103,31,7.180199551579477e-05,0.0001288354374868633,7.111721529614078e-05
521,128,0.0007194121375104914,42,6.616855474834266e-05,0.0001287571625310655,6.154499306989715e-05
934,64,0.0006166389750089927,36,7.231506544687168e-05,0.00012825157551719707,6.899537958239331e-05
2152,32,0.0002740617666706634,16,9.223925228072422e-05,0.00012736033229546393,8.176885715881633e-05
27,512,0.0005481235333413268,32,7.441862622553107e-05,0.00012712400232007612,6.275432410321606e-05
1783,32,0.0005995101145920762,35,5.663814192010198e-05,0.00012706748659102723,6.595682622378452e-05
297,128,0.0007879275791781573,46,6.913935561719262e-05,0.0001267939349389317,7.520217313642495e-05
1860,32,0.0004110926500059951,24,7.561699850778415e-05,0.00012637766530281908,7.102197058384895e-05
336,128,0.0008735718812627396,51,6.988874508539809e-05,0.0001263611054600632,6.860221731554733e-05
1367,32,0.0005823812541751597,34,7.870270988371334e-05,0.00012609335461248586,7.41896843980051e-05
1711,32,0.0005652523937582433,33,7.487701720180942e-05,0.0001257330124828491,6.565375172551393e-05
2421,32,0.00039396378958907863,23,9.011661513280192e-05,0.00012569394992870903,8.658036770587593e-05
2073,32,0.00037683492917216216,22,7.709081940301486e-05,0.00012527063380444493,8.098599255525025e-05
1479,32,0.0004624792312567445,27,8.337279497649066e-05,0.00012487610248140328,8.060628018099305e-05
622,64,0.0004967369520905774,29,6.554316479746352e-05,0.00012475405350560943,5.392823955043672e-05
2118,32,0.00025693290625374693,15,7.590092270017084e-05,0.0001243127505353988,7.195850515742947e-05
1395,32,0.00017128860416916464,10,8.430177924086037e-05,0.0001234747807458141,7.255824520744699e-05
687,64,0.0007879275791781573,46,6.004577509531682e-05,0.00012342690913393946,5.272548972505682e-05
406,128,0.00044535037083982804,26,8.247024621590197e-05,0.00012322945301581747,6.721643357231096e-05
914,64,0.00015415974375224817,9,6.856234368573737e-05,0.0001231758865214505,8.21506968301046e-05
1771,32,0.00039396378958907863,23,4.7960913018104535e-05,0.00012311068728441648,5.4448723856329285e-05
798,64,0.0006680255562597421,39,6.028060734948899e-05,0.00012269000019221165,6.047800969179887e-05
1593,32,0.0006508966958428256,38,6.74482037132812e-05,0.00012247310816068384,5.570400761944591e-05
463,128,0.0003597060687552457,21,7.36518663414311e-05,0.00012228514955962372,9.886811132864407e-05
567,64,0.0006680255562597421,39,6.531231364778975e-05,0.00012208732410188823,4.766306206202393e-05
464,128,0.0006680255562597421,39,5.693930306024369e-05,0.00012194052057335393,7.478998538877313e-05
1246,32,0.0005823812541751597,34,7.527963489493649e-05,0.0001219126570568702,6.697890253894893e-05
2344,32,0.0005309946729244103,31,7.990287694282353e-05,0.00012190509808208621,7.598916782802498e-05
430,128,0.00039396378958907863,23,6.025825999782468e-05,0.00012176189935420347,7.619920291235133e-05
2018,32,0.00020554632500299755,12,6.99737175271244e-05,0.00012169314276146368,5.815658586324706e-05
1729,32,0.0003597060687552457,21,6.905489925780261e-05,0.00012165266471003995,7.654755556686114e-05
2331,32,0.0005652523937582433,33,6.838894527868059e-05,0.00012163865728353935,0.00010336868989337142
2192,32,0.0003425772083383293,20,7.121007511052224e-05,0.00012110490746424253,7.209047718268296e-05
532,128,0.0005309946729244103,31,6.317954457934752e-05,0.00012106982446491205,7.420827525629193e-05
1606,32,0.0005652523937582433,33,6.191852095879818e-05,0.0001209358429160521,5.874232352836631e-05
2182,32,0.0003254483479214128,19,7.434613653408803e-05,0.00012061768732965944,7.147159322054131e-05
789,64,0.0010448604854319042,61,6.429345580579623e-05,0.00012040248717406876,6.401376705171639e-05
35,512,0.0005309946729244103,31,6.933306525057858e-05,0.00012039475205738554,7.150117687889798e-05
1954,32,0.00018841746458608108,11,8.128641812906643e-05,0.0001203351094965967,7.709425433877254e-05
1854,32,0.00025693290625374693,15,7.69479932942017e-05,0.00012031942518567893,5.9707621215040396e-05
1579,32,0.00015415974375224817,9,8.522154327933568e-05,0.0001202952958097774,8.674886851848898e-05
913,64,0.0004967369520905774,29,5.604844753227675e-05,0.0001202318454706018,4.361157949748235e-05
1476,32,0.0007194121375104914,42,5.530950821771118e-05,0.00012021038072738933,6.983099607305539e-05
372,128,0.0007022832770935749,41,6.211166349696129e-05,0.00012008972586142859,8.096790689331755e-05
300,128,0.0005309946729244103,31,6.726287123879496e-05,0.00012007909007175904,6.913987222277075e-05
2160,32,0.0004967369520905774,29,6.73523422265085e-05,0.00011971836283264801,7.383704428729474e-05
198,256,0.00029119062708757987,17,6.416616678203203e-05,0.00011959929158557623,7.52138237152672e-05
1978,32,0.0007365409979274079,43,6.948778825431877e-05,0.0001195631341375808,6.738260646932357e-05
607,64,0.00010277316250149878,6,8.04025200932855e-05,0.00011932790947376132,7.458436881357918e-05
2276,32,0.00018841746458608108,11,7.818580476241368e-05,0.00011931669270347193,8.42421418424235e-05
1410,32,0.0012504068104349018,73,6.0822257354738894e-05,0.00011898424407335878,6.673851256335341e-05
1222,32,0.0006337678354259091,37,7.845956472728883e-05,0.00011883197347929,6.470323921901852e-05
2444,32,0.00039396378958907863,23,5.0383060226190336e-05,0.00011860652944552549,6.298186502097123e-05
2164,32,0.000479608091673661,28,7.519512482668839e-05,0.00011836779622458209,6.704394380657229e-05
599,64,0.0002740617666706634,16,8.085570330120032e-05,0.00011778342325728308,8.372618375690542e-05
2441,32,0.0004110926500059951,24,5.994386828955847e-05,0.00011742507990673121,5.3757258520568865e-05
1763,32,0.00037683492917216216,22,5.889719886885638e-05,0.00011732516477648065,5.397485952840754e-05
1549,32,0.0003597060687552457,21,7.373861252186495e-05,0.00011702344321236714,7.436540707073158e-05
1984,32,0.0002740617666706634,16,7.467816938484044e-05,0.00011659837460310892,6.949688986384594e-05
1078,64,0.0009763450437642383,57,6.528709507047128e-05,0.00011652457483598354,6.516818041072977e-05
1493,32,0.0002398040458368305,14,4.8345391799872655e-05,0.00011633199221396035,4.579660638512652e-05
700,64,0.004950240660488858,289,4.841375357780614e-05,0.00011616826610203269,4.887242077611108e-05
493,128,0.0002740617666706634,16,8.092940674775003e-05,0.00011605946357235744,7.24907065321609e-05
1388,32,0.0004110926500059951,24,7.766672968392247e-05,0.00011556250815452919,7.348472748897857e-05
2422,32,0.0008221853000119902,48,5.651053388952184e-05,0.0001155153028023495,5.2068332410769805e-05
642,64,0.0007879275791781573,46,6.185514969081138e-05,0.00011547032106821317,4.977720530431163e-05
2266,32,0.0004967369520905774,29,5.895734188479323e-05,0.00011544937788099516,5.6225704289387645e-05
1214,32,0.00030831948750449634,18,5.404907601355763e-05,0.00011533868537073759,4.407685224583688e-05
941,64,0.0005823812541751597,34,6.889230967388845e-05,0.00011523972996849137,6.948361687803887e-05
1111,64,0.0006166389750089927,36,6.241669706044765e-05,0.00011497379448230561,6.297220217397718e-05
1216,32,0.00022267518541991402,13,7.710999189562793e-05,0.00011433211695451269,7.132862877807784e-05
1287,32,0.0005995101145920762,35,7.138622460818846e-05,0.00011391792068283481,7.572042927447396e-05
291,128,0.0005995101145920762,35,6.371937300754972e-05,0.00011387003810650763,5.59884769149467e-05
2247,32,0.0007879275791781573,46,5.7976827703968816e-05,0.00011366487790381033,6.038050655297215e-05
1557,32,0.0006337678354259091,37,4.7593997154171154e-05,0.00011340741617969393,6.593818056548896e-05
1442,32,0.0006337678354259091,37,5.884303344399504e-05,0.00011334090824726557,5.71176655517408e-05
2284,32,0.0009763450437642383,57,6.451746316947346e-05,0.00011329933645786229,6.516431092264408e-05
2096,32,0.0005138658125074939,30,7.076126345397737e-05,0.0001132260788896821,7.255040714714249e-05
2384,32,0.00037683492917216216,22,5.919598986714503e-05,0.00011273548556158643,6.245218523788406e-05
1115,64,0.00042822151042291157,25,5.309664278207144e-05,0.00011252677653109085,7.97185769839648e-05
451,128,0.0004967369520905774,29,6.873309229414305e-05,0.00011240243909808383,6.384056711921372e-05
369,128,0.0006337678354259091,37,6.558341060534845e-05,0.00011237653970760052,5.5758246432162413e-05
535,128,0.000479608091673661,28,5.7771151380302404e-05,0.0001123472762606484,6.214512978825902e-05
685,64,0.0006851544166766586,40,6.261829335181699e-05,0.00011215907955499595,6.4804952501877e-05
2366,32,0.0008564430208458231,50,6.424926913198474e-05,0.00011190175360058172,6.684505437273596e-05
189,256,0.0006166389750089927,36,6.40612144281419e-05,0.00011184346860145093,5.785267471407503e-05
305,128,0.0005309946729244103,31,5.587114736842863e-05,0.0001116050215391819,5.164338088093166e-05
1790,32,0.0008393141604289067,49,5.6426459836445476e-05,0.0001114128715392605,5.988872311992106e-05
1289,32,0.0003597060687552457,21,4.830713787148446e-05,0.00011070948377151566,7.571573584643435e-05
2044,32,0.0006508966958428256,38,5.3234633224024064e-05,0.00011067484111001282,5.347167206550538e-05
273,128,0.00044535037083982804,26,6.58944207038552e-05,0.00011059586497070832,4.2021902456829335e-05
949,64,0.0006508966958428256,38,7.353413944380193e-05,0.00011057449132720627,6.658348790751591e-05
1963,32,0.0009420873229304055,55,5.648129550535835e-05,0.00011044227200952044,7.486151874732086e-05
269,128,0.0007194121375104914,42,6.128812432393771e-05,0.00011040838014228786,6.418935577453804e-05
1518,32,0.00030831948750449634,18,6.644521240086964e-05,0.00011019181135906392,5.2800036777795533e-05
1128,64,0.00025693290625374693,15,6.568505143835845e-05,0.0001100534997990047,7.083733825157923e-05
1892,32,0.0002740617666706634,16,7.453410273668253e-05,0.0001099356370782549,7.224322104020745e-05
2134,32,0.0004110926500059951,24,6.338767618652e-05,0.00010983891382195954,6.752878841504627e-05
1075,64,0.0006166389750089927,36,6.0414674198875975e-05,0.00010982774199238911,5.5471381863248905e-05
448,128,0.0006166389750089927,36,5.819374956626408e-05,0.00010948556281675719,7.901681828206029e-05
1578,32,0.00022267518541991402,13,5.9108301264390974e-05,0.00010944341248327906,4.789132796321988e-05
1170,64,0.000959216183347322,56,4.5843714062755635e-05,0.00010906971876383858,6.73270388265869e-05
1242,32,0.000924958462513489,54,6.245654153228837e-05,0.00010893344848703823,5.690586139959727e-05
1426,32,0.0003425772083383293,20,7.717821198171164e-05,0.00010865860566913601,7.409838896179487e-05
827,64,0.0004110926500059951,24,3.825074989516534e-05,0.00010841484720948555,4.01782384787558e-05
1370,32,0.0007194121375104914,42,3.775787214971402e-05,0.00010839571660870507,5.069561497282327e-05
1273,32,0.0005823812541751597,34,6.309640825058177e-05,0.00010837007704867371,5.862852639691811e-05
1101,64,0.0003254483479214128,19,6.900670659360148e-05,0.00010815706372606501,7.365112308281278e-05
1165,64,0.0004967369520905774,29,5.8383774128780406e-05,0.00010810503645132247,5.800762979151303e-05
846,64,0.00044535037083982804,26,6.832809581610146e-05,0.00010806908252251666,6.77008497223098e-05
536,128,0.0005138658125074939,30,5.468721819063617e-05,0.00010793016290911533,8.283081501622792e-05
742,64,0.00020554632500299755,12,6.927862819302387e-05,0.00010762026091587822,5.634986015392092e-05
1268,32,0.00037683492917216216,22,6.115195280772822e-05,0.00010735083453751981,4.7287577302970344e-05
438,128,0.0007022832770935749,41,5.811995245304834e-05,0.00010719853544941086,4.28198521985165e-05
709,64,0.0005309946729244103,31,5.1915774093516995e-05,0.00010705986937205355,4.946831713003583e-05
2274,32,0.0003254483479214128,19,6.6585384363977e-05,0.00010656843022443248,6.587412461325271e-05
2219,32,0.000479608091673661,28,5.4115079797263116e-05,0.00010649498714042297,7.259212396643953e-05
722,64,0.0005823812541751597,34,6.66127329901318e-05,0.00010618324921052535,6.147228456127916e-05
183,256,0.000479608091673661,28,6.76495444584525e-05,0.00010601483142966985,4.702671512123435e-05
439,128,0.0006508966958428256,38,6.009931330000398e-05,0.00010592887201702037,5.909035391696558e-05
1948,32,0.0007022832770935749,41,5.747786878470545e-05,0.00010587871424911392,5.2532836274419035e-05
2350,32,0.0004110926500059951,24,6.913528716959699e-05,0.00010561603777723459,5.7780738663521075e-05
114,256,0.000479608091673661,28,6.026521235011701e-05,0.00010560166351534727,7.496034302068446e-05
311,128,0.00039396378958907863,23,4.172394018424292e-05,0.00010546563824668344,4.3776670304895935e-05
1353,32,0.0005995101145920762,35,4.90553835458426e-05,0.00010519793288973974,6.328296135889026e-05
2078,32,0.00029119062708757987,17,6.22106870999327e-05,0.00010517885053762648,6.456341634594103e-05
1667,32,0.0008221853000119902,48,5.801086969845538e-05,0.00010508411164419144,5.381190819296872e-05
1314,32,0.00044535037083982804,26,6.576594029676244e-05,0.00010483006318121656,7.259496197900037e-05
312,128,0.0004110926500059951,24,5.040465948244003e-05,0.00010462619109864469,5.488615074725532e-05
999,64,0.0005138658125074939,30,5.868250996972447e-05,0.00010434225130460654,5.476950110561938e-05
577,64,0.00017128860416916464,10,6.984044109831015e-05,0.00010432809064649791,6.758687234043705e-05
484,128,0.0006680255562597421,39,6.561717260484409e-05,0.00010430044465933759,7.850302805119498e-05
1545,32,0.0002740617666706634,16,6.155472734578007e-05,0.00010424043702288899,6.782210967310862e-05
2189,32,0.0004624792312567445,27,5.5382895603870673e-05,0.00010423174762658678,5.632966466612901e-05
1617,32,0.0006337678354259091,37,4.534866392257163e-05,0.00010416418412871727,5.810904452024862e-05
341,128,0.0005309946729244103,31,6.461197973175438e-05,0.0001040815017337345,6.727899330819397e-05
2411,32,0.0008221853000119902,48,4.57226734396116e-05,0.00010407897936820095,5.6170685004073916e-05
1874,32,0.0004110926500059951,24,6.321540354061089e-05,0.00010397388488777181,5.02191971865545e-05
1872,32,0.000924958462513489,54,4.5825487827442425e-05,0.00010375355522965242,5.1645846090079743e-05
258,128,0.0003597060687552457,21,6.770961762798794e-05,0.00010374739632070045,5.989485051129983e-05
830,64,0.00044535037083982804,26,6.225085390787495e-05,0.0001036738883298393,6.732453129866172e-05
1417,32,0.0005652523937582433,33,5.625526267899322e-05,0.00010336860210038498,4.633273028679696e-05
927,64,0.0006337678354259091,37,6.531982410766959e-05,0.00010328053818967012,5.352511761810516e-05
1195,64,0.000479608091673661,28,4.096066764303519e-05,0.00010320456671644635,4.950101969247446e-05
1851,32,0.0002740617666706634,16,6.734180450643645e-05,0.00010300547757171726,5.6030041075253486e-05
569,64,0.0006166389750089927,36,6.515710537236089e-05,0.00010299498621502101,5.5217822376105904e-05
1520,32,0.0005823812541751597,34,6.200946953354202e-05,0.00010251844958578047,6.165562629846725e-05
696,64,0.0006337678354259091,37,5.9780514338685405e-05,0.00010251719314074008,7.317671213309947e-05
2109,32,0.0003597060687552457,21,6.803481879111554e-05,0.00010243106222239504,7.237532538183036e-05
967,64,0.0008907007416796561,52,4.780925973690609e-05,0.00010220953100917967,6.488034105507546e-05
570,64,0.0006166389750089927,36,5.313088426888127e-05,0.00010216349012246646,5.563633698512626e-05
272,128,0.0003597060687552457,21,5.177837908160774e-05,0.00010211119421863724,4.122075067942149e-05
364,128,0.0003425772083383293,20,5.338614554260114e-05,0.00010153006510492018,3.293197125309273e-05
2070,32,0.0003597060687552457,21,5.0282853905285305e-05,0.00010133446482190956,5.785728398951627e-05
2423,32,0.00011990202291841524,7,7.289225575273814e-05,0.00010122057150369845,7.798089489548292e-05
1489,32,0.000479608091673661,28,5.2971899776410875e-05,0.00010101530849233833,6.048082498800771e-05
1113,64,0.0003597060687552457,21,7.393315601127534e-05,0.00010095395811654713,6.392460853508183e-05
528,128,0.0004110926500059951,24,5.869722054327742e-05,0.00010093353350732414,4.973975293133724e-05
2312,32,0.0004967369520905774,29,5.533142412140289e-05,0.00010086606286889198,6.045217522695824e-05
811,64,0.00022267518541991402,13,6.33133214060056e-05,0.0001007495765253422,5.258591172914911e-05
284,128,0.0007365409979274079,43,5.792199231581984e-05,0.00010073117648197208,7.196081423632453e-05
318,128,0.00030831948750449634,18,6.622576182254615e-05,0.00010071599616362021,6.620140422687356e-05
1005,64,0.00042822151042291157,25,4.027720882591997e-05,0.00010064080523082027,6.488078333479174e-05
1085,64,0.0003254483479214128,19,6.369526695080858e-05,0.0001006061166810532,6.208720324379684e-05
2402,32,0.0002740617666706634,16,5.125018431303225e-05,0.00010026512112483876,4.6326996807171503e-05
522,128,0.0005995101145920762,35,5.400930592819822e-05,0.00010012911900335246,4.674764315439735e-05
895,64,0.0004624792312567445,27,5.1464367157565826e-05,0.00010008358864049939,6.715075186946708e-05
1361,32,0.0007194121375104914,42,4.680498736900456e-05,9.98992592732227e-05,4.099166581544987e-05
130,256,0.00044535037083982804,26,5.749045196551237e-05,9.985759963283566e-05,6.219727907945117e-05
1379,32,0.0003425772083383293,20,5.98221278751528e-05,9.970498717796647e-05,6.757231779504117e-05
965,64,0.0002398040458368305,14,5.0654459384612144e-05,9.94033139386622e-05,4.8960617791242146e-05
580,64,0.0006337678354259091,37,4.948916566189983e-05,9.920724915541929e-05,4.233454143263262e-05
2330,32,0.00022267518541991402,13,3.781079241857873e-05,9.914213661877835e-05,5.249715153991832e-05
2349,32,0.0004110926500059951,24,6.590289660869515e-05,9.910066878862857e-05,7.282952924309784e-05
568,64,0.0005309946729244103,31,5.068771029490222e-05,9.894207326213852e-05,5.775057854582734e-05
829,64,0.0005481235333413268,32,5.5394300852492304e-05,9.889969213370308e-05,5.757873056808072e-05
1953,32,0.0006337678354259091,37,6.37832803272053e-05,9.871425068667749e-05,6.729402307201654e-05
855,64,0.00037683492917216216,22,4.740133351946095e-05,9.864989632162361e-05,5.0369558430565825e-05
1478,32,0.0003597060687552457,21,6.757484617606703e-05,9.864089206956144e-05,6.619333318357908e-05
916,64,0.0004110926500059951,24,5.4701446973334745e-05,9.84551156652796e-05,4.952764366540513e-05
652,64,0.0008221853000119902,48,4.991082145744628e-05,9.837576226759032e-05,4.643091952326413e-05
1327,32,0.00015415974375224817,9,4.955283641244469e-05,9.826464200832094e-05,4.730729882301112e-05
434,128,0.00029119062708757987,17,5.222590508834425e-05,9.81075027235616e-05,4.902196480574011e-05
354,128,0.0007707987187612408,45,5.6531203847568455e-05,9.80378883316168e-05,4.480407980693473e-05
2058,32,0.00025693290625374693,15,3.8575398741460886e-05,9.789484351216014e-05,3.789498113339897e-05
1692,32,0.00018841746458608108,11,4.974232123188504e-05,9.752654728135789e-05,5.711245574783898e-05
1642,32,0.00017128860416916464,10,7.284302572973222e-05,9.7483451297691e-05,7.898430046226862e-05
1618,32,0.0005481235333413268,32,4.1381141026935934e-05,9.726732352911278e-05,3.9159950242907746e-05
1160,64,0.0003254483479214128,19,5.1953399206481574e-05,9.724554684045799e-05,5.6466464362852855e-05
716,64,0.00039396378958907863,23,6.124310627950041e-05,9.719551705884606e-05,6.33999561104087e-05
1584,32,0.0002740617666706634,16,6.024287650977264e-05,9.707492554305543e-05,5.973551209678904e-05
236,256,0.00042822151042291157,25,5.715889134049871e-05,9.696920114806096e-05,5.578897494361203e-05
813,64,0.0004110926500059951,24,5.7598436556772956e-05,9.682446550173516e-05,4.33301910497929e-05
2454,32,0.0005823812541751597,34,6.033412435012062e-05,9.67282571009355e-05,6.249022563256343e-05
1068,64,0.00020554632500299755,12,4.777980546604086e-05,9.666963768600291e-05,8.306809502113834e-05
1247,32,0.00022267518541991402,13,4.894613396644437e-05,9.633115989295923e-05,4.347086593921443e-05
1168,64,0.00039396378958907863,23,5.672848660998043e-05,9.616640965378915e-05,5.526290721363718e-05
1624,32,0.0004624792312567445,27,4.228881169477763e-05,9.615351566067356e-05,4.747910780009948e-05
690,64,0.0006337678354259091,37,4.9050058947791194e-05,9.6148582536904e-05,6.272764106777017e-05
257,128,0.0005995101145920762,35,5.0398788045643146e-05,9.611028762980383e-05,3.970768241740533e-05
2081,32,0.0005995101145920762,35,5.155788758627558e-05,9.585446319624829e-05,6.604507897054996e-05
1787,32,0.00022267518541991402,13,4.192535047590875e-05,9.568633529656645e-05,3.433210795324395e-05
2108,32,0.000924958462513489,54,5.2278751723685385e-05,9.540205871786331e-05,5.041885725348951e-05
324,128,0.000479608091673661,28,4.5765812190876524e-05,9.514164769138321e-05,4.408037312725331e-05
908,64,0.0003425772083383293,20,6.375874015204399e-05,9.499342677047465e-05,7.017901576710242e-05
667,64,0.0003597060687552457,21,4.438436794406788e-05,9.488526738715774e-05,3.608512005701668e-05
1300,32,0.00042822151042291157,25,6.605102710055884e-05,9.467867253322573e-05,5.4183853693332354e-05
1456,32,0.00030831948750449634,18,4.1213891647626054e-05,9.446440851853013e-05,5.1296608978233324e-05
382,128,0.00044535037083982804,26,4.4605070260387187e-05,9.422599651543643e-05,5.180845882425377e-05
539,128,0.00029119062708757987,17,4.125869735000586e-05,9.419685665546146e-05,4.5901792896110205e-05
544,128,0.0003597060687552457,21,5.3102942889511654e-05,9.405061590114125e-05,5.34531500709463e-05
450,128,0.00039396378958907863,23,4.8671353150405615e-05,9.392654418690327e-05,3.830841325218469e-05
841,64,0.0005652523937582433,33,5.3523332738175557e-05,9.364159430959736e-05,5.720974623353457e-05
1445,32,0.00022267518541991402,13,5.725727232594837e-05,9.34732425861842e-05,5.2751229700082716e-05
759,64,0.0007194121375104914,42,4.702959767315951e-05,9.338666442646731e-05,4.7671807359827035e-05
1691,32,0.0006166389750089927,36,4.6676986806561864e-05,9.336943236801756e-05,6.77913769119145e-05
1108,64,0.0029804217125434644,174,4.839876977710801e-05,9.33282119148675e-05,4.5828761496243885e-05
831,64,0.0005138658125074939,30,4.29335868472347e-05,9.312870838828322e-05,4.174213161759439e-05
1490,32,0.0006337678354259091,37,5.317852874794639e-05,9.31075594145351e-05,6.539044189513566e-05
266,128,0.00039396378958907863,23,4.8189845012512974e-05,9.304909235134705e-05,4.645371619926626e-05
1135,64,0.0006337678354259091,37,4.9985012989704666e-05,9.293509304342827e-05,4.511854211456008e-05
2382,32,0.0004967369520905774,29,5.432500801902009e-05,9.279624909828568e-05,5.645638846111221e-05
629,64,0.0002740617666706634,16,3.3505044673209595e-05,9.27408886299777e-05,4.937244514014084e-05
277,128,0.00029119062708757987,17,6.032032145435512e-05,9.272272608206367e-05,6.065072155454536e-05
1897,32,0.0002740617666706634,16,5.6376005775355004e-05,9.255283649266216e-05,5.010799015314242e-05
527,128,0.00030831948750449634,18,4.394282599235761e-05,9.254802932473295e-05,4.460371863425255e-05
1284,32,0.0006680255562597421,39,4.39091102104287e-05,9.250116346449048e-05,8.24513484124802e-05
975,64,0.0004624792312567445,27,5.5453200403396933e-05,9.248064288246704e-05,5.869404127495672e-05
2409,32,0.0030489371542111302,178,2.5164320281518048e-05,9.230847312687356e-05,2.619083667368698e-05
1777,32,0.00015415974375224817,9,5.535750593285944e-05,9.219153233383963e-05,5.687311896868468e-05
2204,32,0.0009078296020965725,53,5.173131298415524e-05,9.20433571319908e-05,5.064936860227092e-05
107,256,0.000479608091673661,28,4.996770713355493e-05,9.196066522771434e-05,4.2121016299870984e-05
638,64,0.0005309946729244103,31,3.947701003457412e-05,9.18991974239903e-05,5.098389215425745e-05
1700,32,0.004950240660488858,289,3.907126488164354e-05,9.185445488581541e-05,3.944563919912864e-05
2183,32,0.0005309946729244103,31,6.108665120815851e-05,9.184814991106658e-05,5.531657834726955e-05
363,128,0.000479608091673661,28,4.8219982605284635e-05,9.174517502174548e-05,4.36845801537015e-05
840,64,0.00030831948750449634,18,6.124730024132188e-05,9.167658627988374e-05,5.447632550021176e-05
1893,32,0.00042822151042291157,25,4.993494146304852e-05,9.139312310112108e-05,5.2869841830339736e-05
1309,32,0.000479608091673661,28,5.172415055505962e-05,9.064739183602474e-05,5.3325523186113046e-05
2088,32,0.00042822151042291157,25,5.5475863735689e-05,9.06210106864487e-05,5.838007602153237e-05
1904,32,0.0002398040458368305,14,3.38463042935696e-05,9.022302529013669e-05,5.8696193662070946e-05
2255,32,0.0004110926500059951,24,5.800203068931927e-05,9.022271476601229e-05,6.118739644260981e-05
396,128,0.0003425772083383293,20,5.661469704639556e-05,8.976773546869437e-05,5.219530737458658e-05
823,64,0.0006508966958428256,38,5.268217308752702e-05,8.962972015189854e-05,5.592730361673158e-05
2303,32,0.00018841746458608108,11,3.592189383457565e-05,8.953852832653483e-05,3.301230398201852e-05
429,128,0.0002740617666706634,16,5.4140626440819086e-05,8.949236662779852e-05,4.521107663843807e-05
1235,32,0.0002398040458368305,14,5.943920030755755e-05,8.932978816240864e-05,5.165943557337539e-05
1024,64,0.000479608091673661,28,5.121177452558343e-05,8.924721080958827e-05,5.897291640077502e-05
1055,64,0.0004110926500059951,24,5.049824202138905e-05,8.919310908750208e-05,6.276555593546174e-05
1073,64,0.0006508966958428256,38,4.6669493300993055e-05,8.901336820824049e-05,5.133931326969471e-05
1053,64,0.0008393141604289067,49,4.948567633451729e-05,8.896999195421634e-05,4.441845385577148e-05
1054,64,0.0004110926500059951,24,4.7099737871658215e-05,8.893301982032611e-05,6.869329324543483e-05
1151,64,0.0003254483479214128,19,4.5308416666200214e-05,8.861447892141381e-05,3.7837034169743976e-05
394,128,0.0005309946729244103,31,3.716807185646907e-05,8.844244774431742e-05,3.801716008825624e-05
981,64,0.0007194121375104914,42,4.3043773546344e-05,8.835093964187583e-05,4.688778824233741e-05
2028,32,0.0005138658125074939,30,5.247329540133519e-05,8.831468838689775e-05,6.173907862062275e-05
1280,32,0.0005309946729244103,31,4.3775998845264326e-05,8.824651920454932e-05,4.263929870210676e-05
1681,32,0.0002740617666706634,16,5.1368220274287614e-05,8.820814429755485e-05,4.387751620596779e-05
1896,32,0.0005995101145920762,35,4.4724166028797434e-05,8.81512548972569e-05,4.3664823512649085e-05
2146,32,0.0003597060687552457,21,5.6179791747113765e-05,8.814557246821681e-05,4.874404443032969e-05
1133,64,0.0004967369520905774,29,4.7524530154125936e-05,8.813503793052853e-05,4.480387643177433e-05
1403,32,0.00044535037083982804,26,4.6420959883302555e-05,8.812824308333052e-05,4.8653953573351374e-05
1480,32,0.0003254483479214128,19,5.6127441620398324e-05,8.805007520014927e-05,5.717135225500768e-05
2415,32,0.0007707987187612408,45,5.1854766915006884e-05,8.769689619133557e-05,4.819178002455773e-05
2424,32,0.00029119062708757987,17,3.648485587141386e-05,8.761433919381826e-05,3.467578925158537e-05
440,128,0.0003597060687552457,21,5.03215790448336e-05,8.759976675960396e-05,4.836739327593474e-05
2075,32,0.000479608091673661,28,4.9935696366190117e-05,8.753686342478176e-05,4.369729817137195e-05
1439,32,0.0005138658125074939,30,3.4785462880189304e-05,8.753189327906449e-05,3.897681064296648e-05
1004,64,0.0002740617666706634,16,3.9859701112821126e-05,8.703921088435515e-05,3.6986564324323214e-05
672,64,0.0007879275791781573,46,4.217121514976581e-05,8.685795562469179e-05,4.6718393783750984e-05
1345,32,0.0007022832770935749,41,4.859712752128574e-05,8.680358676251862e-05,5.0704069067412896e-05
205,256,0.0005138658125074939,30,5.255353762218885e-05,8.678057704672822e-05,4.607475331148119e-05
644,64,0.00037683492917216216,22,3.471303825578036e-05,8.656716521364775e-05,3.4012385457358515e-05
1571,32,0.0010962470666826536,64,4.1685503910867675e-05,8.64808958183283e-05,4.279008890231106e-05
598,64,0.0004110926500059951,24,5.153347072150299e-05,8.636847809884432e-05,5.494302611167159e-05
1847,32,0.0004967369520905774,29,4.748484933413934e-05,8.635880136036106e-05,4.773896152895051e-05
555,128,0.0002398040458368305,14,4.372356588043605e-05,8.630912345645678e-05,2.866407980423678e-05
511,128,0.0004110926500059951,24,5.233862768529476e-05,8.61713834015646e-05,3.119291796476561e-05
2445,32,0.00037683492917216216,22,5.062254893690114e-05,8.592683015447021e-05,4.630345281423648e-05
2437,32,0.0004967369520905774,29,4.866483579711114e-05,8.588944644751972e-05,5.7201310158882596e-05
919,64,0.00025693290625374693,15,5.828833847310705e-05,8.582231841438785e-05,6.258068316719666e-05
924,64,0.0004624792312567445,27,3.871533151446269e-05,8.58180998074407e-05,4.0536005440397176e-05
1996,32,0.00030831948750449634,18,4.972848509750223e-05,8.559533624390777e-05,5.80740477594017e-05
422,128,0.0005481235333413268,32,4.519309376480768e-05,8.553625611892402e-05,3.617070618482094e-05
1019,64,0.0008564430208458231,50,4.6931574293181195e-05,8.530566549297487e-05,5.2094581640464416e-05
2453,32,0.00042822151042291157,25,2.9862411975537973e-05,8.516972746615853e-05,3.025066656596377e-05
387,128,0.0003425772083383293,20,5.179358711774555e-05,8.48952178457856e-05,5.192887202941269e-05
1384,32,0.00025693290625374693,15,5.262800604827325e-05,8.488908932596437e-05,4.917719416398555e-05
1184,64,0.0005995101145920762,35,4.119709009289552e-05,8.484030103171376e-05,5.159919854619864e-05
2042,32,0.004093797639643034,239,3.299115535940761e-05,8.478171356259345e-05,3.338068505703705e-05
612,64,0.00022267518541991402,13,5.566474385987724e-05,8.473448242364581e-05,5.1481258513673e-05
1809,32,0.0003425772083383293,20,2.5306356416528037e-05,8.466091825688595e-05,4.581540827577106e-05
1221,32,0.0002740617666706634,16,4.991549132684219e-05,8.462781779300703e-05,4.505854332831545e-05
397,128,0.00030831948750449634,18,4.8678559568504506e-05,8.433020695104244e-05,3.827182724003728e-05
1256,32,0.0007194121375104914,42,4.8689280298782626e-05,8.423418190025433e-05,4.2329927499063013e-05
673,64,0.00025693290625374693,15,5.63760432764788e-05,8.33667081225802e-05,7.39754953351892e-05
1174,64,0.00042822151042291157,25,4.2888955532737746e-05,8.310457865505425e-05,5.244360749023722e-05
520,128,0.0004110926500059951,24,3.826732276610314e-05,8.310007429552358e-05,4.0783262071485185e-05
1546,32,0.00020554632500299755,12,4.357755310772579e-05,8.303310044154502e-05,4.3653859912024965e-05
2145,32,0.0006166389750089927,36,4.706390362718964e-05,8.281086966918629e-05,5.247399107047227e-05
1503,32,0.00022267518541991402,13,3.994072404236892e-05,8.26985284301427e-05,4.277227292686741e-05
1967,32,0.0003597060687552457,21,4.648197075960086e-05,8.253707930336218e-05,5.146077678708386e-05
1494,32,0.0007879275791781573,46,4.154969385425216e-05,8.247839159748766e-05,4.1536386324913754e-05
1043,64,0.00039396378958907863,23,4.897351598276517e-05,8.24096210622959e-05,3.3263920659537515e-05
1178,64,0.0002398040458368305,14,4.867140128865267e-05,8.240529836073164e-05,4.470357909231734e-05
1657,32,0.00020554632500299755,12,4.4872638676141663e-05,8.211140473889782e-05,4.2409504883760735e-05
738,64,0.0004624792312567445,27,4.6141504010116714e-05,8.205056624060287e-05,4.297757259618893e-05
2309,32,0.000479608091673661,28,4.551574905340409e-05,8.198380565199396e-05,4.292540367704769e-05
1685,32,0.0004110926500059951,24,5.345191778861264e-05,8.177488985358208e-05,5.1551850955815986e-05
136,256,0.00042822151042291157,25,4.3295374182034646e-05,8.170006910641823e-05,5.048602542252206e-05
1940,32,0.0005481235333413268,32,3.559494871285703e-05,8.159879519623712e-05,3.523916435912266e-05
943,64,0.00029119062708757987,17,4.183796636160549e-05,8.156663929963806e-05,3.8788757074941246e-05
785,64,0.00025693290625374693,15,4.307296928789475e-05,8.155759829635542e-05,5.9548928940362126e-05
893,64,0.00039396378958907863,23,3.385716260374266e-05,8.15306404301133e-05,3.398146242757338e-05
1183,64,0.0006508966958428256,38,4.440812829111273e-05,8.133231351787963e-05,4.492064680188776e-05
1036,64,0.0005481235333413268,32,4.518950821836002e-05,8.117517694039251e-05,4.582356653454284e-05
1347,32,0.0005138658125074939,30,5.411145422919755e-05,8.11390042639908e-05,5.2118458619386206e-05
1653,32,0.0005481235333413268,32,4.8756327697861196e-05,8.112278743262605e-05,4.484695822306281e-05
2378,32,0.00042822151042291157,25,3.2860126680522565e-05,8.09750456312198e-05,2.867211383774429e-05
512,128,0.00018841746458608108,11,4.4774839982260995e-05,8.07363887553532e-05,3.4735912703383105e-05
817,64,0.0002398040458368305,14,4.680227918103351e-05,8.062798659739936e-05,5.073577144673965e-05
1276,32,0.00029119062708757987,17,3.471481580394355e-05,8.03362999438847e-05,3.069102898385831e-05
803,64,0.00011990202291841524,7,5.2961430690350656e-05,8.023091991391746e-05,6.506247448652896e-05
881,64,0.0003597060687552457,21,4.073541507869436e-05,8.007589155699501e-05,3.4959911759001254e-05
2278,32,0.0004624792312567445,27,4.747810765527359e-05,8.002788061366316e-05,5.839069523970773e-05
826,64,0.0001370308833353317,8,4.392804511935241e-05,7.979280800548034e-05,3.782022085323933e-05
1506,32,0.00044535037083982804,26,5.6955797696958536e-05,7.979006404971504e-05,5.58765609782082e-05
1046,64,0.00044535037083982804,26,4.772980150457942e-05,7.971663951052027e-05,6.587445063118993e-05
786,64,0.00042822151042291157,25,4.260789040382347e-05,7.938786370127337e-05,3.881346787160148e-05
2347,32,0.00022267518541991402,13,3.062068108707323e-05,7.934068325599818e-05,4.136213434454949e-05
2359,32,0.0004110926500059951,24,3.9943312896110484e-05,7.928444625754548e-05,3.722643362326403e-05
1704,32,0.00011990202291841524,7,3.818522793740972e-05,7.92004741688353e-05,4.221455345716398e-05
1357,32,0.0004110926500059951,24,3.943782609171585e-05,7.898784933979112e-05,3.52486724541592e-05
2057,32,0.0005823812541751597,34,2.1738800094501775e-05,7.86156616758903e-05,3.157991235918308e-05
977,64,0.0005138658125074939,30,4.617590204194443e-05,7.84834856745601e-05,3.751239013791123e-05
340,128,0.00039396378958907863,23,3.3920781780670806e-05,7.84125491185416e-05,4.109711001664684e-05
409,128,0.00017128860416916464,10,5.535649618463194e-05,7.840133343116111e-05,4.4020184493563515e-05
2302,32,0.00037683492917216216,22,5.542342366242923e-05,7.836952866776986e-05,5.823284807713393e-05
494,128,0.0007022832770935749,41,4.6043383254517436e-05,7.83264795199125e-05,4.171131754972689e-05
1919,32,0.0007707987187612408,45,3.899831362910307e-05,7.829044714789393e-05,3.6661945050761755e-05
86,256,0.00030831948750449634,18,4.0221785636210445e-05,7.814256964446731e-05,3.860968128999126e-05
1586,32,0.00025693290625374693,15,4.9787957910864036e-05,7.811190653777402e-05,4.279503353747024e-05
1012,64,0.0005481235333413268,32,3.337522904871792e-05,7.793747238584928e-05,5.3731029148539266e-05
1574,32,0.00022267518541991402,13,2.4641415612229307e-05,7.780356501624833e-05,5.579562537261466e-05
650,64,0.0003425772083383293,20,3.257896492415931e-05,7.729935004794436e-05,3.235580365526021e-05
994,64,0.0002398040458368305,14,3.4414576561642775e-05,7.718866620095793e-05,3.61535497237811e-05
680,64,0.0005995101145920762,35,4.3830936830285675e-05,7.717101289094972e-05,3.12302513448939e-05
1031,64,0.00029119062708757987,17,4.755049732138635e-05,7.694644520120497e-05,4.969207789367387e-05
2318,32,0.0004967369520905774,29,3.8589106809218784e-05,7.659831161719688e-05,3.571662310307894e-05
1567,32,0.0004624792312567445,27,3.812755310895166e-05,7.646484759726395e-05,3.977815127238383e-05
2026,32,0.0004624792312567445,27,3.119857169468114e-05,7.635092801851224e-05,4.182523344430528e-05
2438,32,0.00017128860416916464,10,3.136957735200982e-05,7.621956981643989e-05,3.068720796583155e-05
1243,32,0.0003254483479214128,19,4.398643626426103e-05,7.586790327601696e-05,4.388633055892858e-05
885,64,0.0004624792312567445,27,4.208175877134662e-05,7.577051335393579e-05,4.0352841873428354e-05
1968,32,0.0002398040458368305,14,4.773953694180393e-05,7.575978186219304e-05,4.1116955685379904e-05
1449,32,0.0005823812541751597,34,4.263370282231686e-05,7.574978769604119e-05,3.13232865984276e-05
256,128,0.00022267518541991402,13,4.0202528078516326e-05,7.553883379541529e-05,3.824866595382352e-05
238,256,0.00042822151042291157,25,4.37044867928681e-05,7.551433244030981e-05,3.104104577705824e-05
998,64,0.000479608091673661,28,4.770660667984147e-05,7.550859288782573e-05,3.6860565346874834e-05
1509,32,0.0004110926500059951,24,4.748591751156803e-05,7.53661182199e-05,5.2813301800117406e-05
2123,32,0.00030831948750449634,18,4.060217165240048e-05,7.535188798489515e-05,3.460757225709507e-05
206,256,0.00030831948750449634,18,3.812787159890678e-05,7.525585819638064e-05,3.525774089845054e-05
1683,32,0.00022267518541991402,13,3.688944530879926e-05,7.522278683567815e-05,4.268019112201804e-05
899,64,0.00030831948750449634,18,3.0769088367476466e-05,7.521014231769824e-05,2.996518505278934e-05
1278,32,0.00030831948750449634,18,4.426030990342067e-05,7.509559688528954e-05,4.193001200534059e-05
2287,32,0.00029119062708757987,17,4.7414055646493954e-05,7.503504346276006e-05,5.0183865372277536e-05
1266,32,0.0002740617666706634,16,4.0856969238156595e-05,7.489068033709263e-05,3.8692829646937774e-05
630,64,0.00044535037083982804,26,3.3839565328223144e-05,7.483850314715055e-05,2.8293369294940353e-05
1470,32,0.00022267518541991402,13,3.8228499225188485e-05,7.454681896402179e-05,3.68630439816422e-05
2030,32,0.0001370308833353317,8,4.879251618342006e-05,7.440174940950774e-05,4.5964344132504213e-05
1906,32,0.00042822151042291157,25,3.798607388359656e-05,7.425279718668894e-05,3.607743521723023e-05
1215,32,0.0004110926500059951,24,4.247772062119448e-05,7.414696747880487e-05,3.876500567405524e-05
1732,32,0.0002398040458368305,14,3.465835270303014e-05,7.411560724951321e-05,3.304899323870958e-05
509,128,0.0004624792312567445,27,3.938455369387111e-05,7.40512857778169e-05,3.407485024399495e-05
122,256,0.0003425772083383293,20,4.599328435657142e-05,7.398356870993032e-05,3.333666413602321e-05
223,256,0.00011990202291841524,7,3.16556069195098e-05,7.368710615748065e-05,3.483390471597171e-05
303,128,0.0001370308833353317,8,4.9867008480387225e-05,7.340885278570913e-05,4.206486842024659e-05
1834,32,0.0005995101145920762,35,3.5962833725919715e-05,7.339601821721891e-05,3.448614199746621e-05
2457,32,0.0004624792312567445,27,3.3040082673064665e-05,7.313916982562545e-05,3.074212357269378e-05
65,512,0.00018841746458608108,11,4.431811608631273e-05,7.309390518154143e-05,3.8677448992048736e-05
2035,32,0.00022267518541991402,13,3.932465335365982e-05,7.298187609098558e-05,3.4809149252327204e-05
1079,64,0.0005138658125074939,30,4.161100961781363e-05,7.26685963695549e-05,3.434657918833316e-05
1715,32,0.00039396378958907863,23,3.066497103015474e-05,7.264062083968279e-05,2.9648936857036733e-05
1035,64,0.00025693290625374693,15,4.273964868479521e-05,7.248615383565654e-05,5.4802535479941185e-05
2262,32,0.00022267518541991402,13,4.214413605855136e-05,7.216113863057786e-05,3.78105789103939e-05
2198,32,0.00022267518541991402,13,3.435793954982609e-05,7.214244579571644e-05,2.9691210124861864e-05
2202,32,0.0003254483479214128,19,3.292234429283003e-05,7.192286293864077e-05,2.92918125512031e-05
1218,32,0.0006166389750089927,36,4.503792690524474e-05,7.185098953106826e-05,4.532683504611778e-05
1401,32,0.00029119062708757987,17,4.672555830421862e-05,7.170067392595615e-05,3.939075704464713e-05
1158,64,0.0003254483479214128,19,4.1549303506286094e-05,7.166535126535179e-05,3.585556366283507e-05
1600,32,0.0005995101145920762,35,4.005363301869231e-05,7.163860971016058e-05,3.999621306483227e-05
1719,32,0.0004967369520905774,29,3.942449464320736e-05,7.16179069963981e-05,4.238240113637097e-05
2098,32,0.00042822151042291157,25,3.7103910541197915e-05,7.157899090568553e-05,2.8045950050505595e-05
2138,32,0.0006337678354259091,37,3.703317850834807e-05,7.144721903241696e-05,3.960378070755732e-05
524,128,0.0002740617666706634,16,2.8201595756092452e-05,7.140259343994204e-05,5.671595678069572e-05
2380,32,0.0002740617666706634,16,3.549086830316693e-05,7.134878464471076e-05,4.6989843393531534e-05
147,256,0.00039396378958907863,23,3.69407413584958e-05,7.117471421480966e-05,3.471386477365737e-05
1734,32,0.00037683492917216216,22,3.670277897606663e-05,7.104531404737523e-05,3.767224663839162e-05
812,64,0.00039396378958907863,23,3.714235531246692e-05,7.089783282092078e-05,4.043337665026701e-05
880,64,0.0005138658125074939,30,3.9864316565068196e-05,7.084603417531779e-05,3.5957400149998174e-05
1688,32,0.00018841746458608108,11,4.785233118459721e-05,7.076812091108946e-05,4.2474121011027764e-05
1430,32,0.000924958462513489,54,4.483681999173611e-05,7.067480990070855e-05,4.6425184588771186e-05
234,256,0.0002740617666706634,16,4.7696702324844426e-05,7.056877349258996e-05,4.300049645823828e-05
1262,32,0.00017128860416916464,10,3.7503349821057995e-05,7.043498023451336e-05,4.6631785369058634e-05
278,128,0.00029119062708757987,17,4.397563088366671e-05,7.043459444822107e-05,4.355956650440222e-05
1088,64,0.0004967369520905774,29,4.211736555079303e-05,7.030450270809635e-05,2.7642537629632315e-05
2386,32,0.0003425772083383293,20,4.6129961289279485e-05,7.027271114265719e-05,5.000344551948475e-05
2069,32,0.00018841746458608108,11,3.990116488727125e-05,7.024830758776091e-05,3.90333736958287e-05
2463,32,0.0003254483479214128,19,3.9774582160195887e-05,7.022459255987366e-05,4.769863632869154e-05
2272,32,0.0006508966958428256,38,3.1009987278690795e-05,7.01314422937812e-05,3.307909319635649e-05
2304,32,0.0019526900875284766,114,3.044345825393867e-05,7.00466604768685e-05,3.182228420568034e-05
2363,32,0.00010277316250149878,6,4.959759021019352e-05,6.989040430430947e-05,4.308524744105656e-05
171,256,0.00039396378958907863,23,3.8595079568283744e-05,6.987344243162794e-05,4.242221200268703e-05
892,64,0.0003425772083383293,20,1.7391959674368862e-05,6.983975232385806e-05,2.838697047916481e-05
1791,32,0.00022267518541991402,13,3.850689555284035e-05,6.96887290377859e-05,3.849423768245472e-05
8,512,0.00015415974375224817,9,3.999375581916938e-05,6.967062984004197e-05,5.2781550874159746e-05
2369,32,0.0002398040458368305,14,4.1304534851746154e-05,6.961323174329262e-05,3.6856313152067876e-05
1378,32,0.0003597060687552457,21,3.938311750037324e-05,6.9535508394211e-05,3.9362045413443446e-05
1237,32,0.0006337678354259091,37,4.086658503805423e-05,6.951166801961965e-05,4.551704037591946e-05
2471,32,0.0003254483479214128,19,4.2013560629514186e-05,6.950064454856725e-05,3.5810343471579436e-05
2425,32,0.00022267518541991402,13,4.432504393557369e-05,6.92110270632154e-05,4.915888146615278e-05
2216,32,0.0006680255562597421,39,3.253706058010029e-05,6.913185451131086e-05,2.608059416637132e-05
1558,32,0.0005138658125074939,30,3.404441564768286e-05,6.910721095673168e-05,2.7195460806851667e-05
1041,64,0.0003425772083383293,20,3.8516992588445554e-05,6.910238098003396e-05,3.571650635634404e-05
242,128,0.00039396378958907863,23,4.130864516506807e-05,6.879216947789952e-05,3.759685269963106e-05
1066,64,0.0004110926500059951,24,3.5464200401054846e-05,6.873465293799027e-05,3.389467186091915e-05
1651,32,0.00015415974375224817,9,4.4906981639958766e-05,6.867825727646463e-05,5.3238598771649946e-05
727,64,0.00029119062708757987,17,4.0015898519473745e-05,6.865535294124565e-05,3.6863448638995734e-05
380,128,0.00044535037083982804,26,2.65813919200908e-05,6.862838539650533e-05,3.453722129743106e-05
1542,32,0.0004967369520905774,29,2.9154315373138817e-05,6.86043529409495e-05,4.3534170490679226e-05
1065,64,0.0005309946729244103,31,3.834762698473097e-05,6.848311296577878e-05,3.560255212473115e-05
2317,32,0.0010448604854319042,61,1.4554086989386692e-05,6.826518602868098e-05,1.4989020855198992e-05
2461,32,0.0004110926500059951,24,3.704303676701734e-05,6.812344623288072e-05,4.9824035191584546e-05
1976,32,0.00029119062708757987,17,2.7263062998589414e-05,6.798904478609843e-05,2.4958786072342808e-05
2153,32,0.00037683492917216216,22,3.51334767100994e-05,6.781191256667261e-05,3.485230391461003e-05
2361,32,0.0005309946729244103,31,3.196311058317904e-05,6.771903499057518e-05,3.4898188010395925e-05
209,256,0.00037683492917216216,22,3.756267714767102e-05,6.765373423083269e-05,3.310931643487999e-05
106,256,0.00029119062708757987,17,3.490914265209919e-05,6.759823068318754e-05,4.445990093753148e-05
1881,32,0.0003597060687552457,21,3.234887121168087e-05,6.745256143403439e-05,3.0420137379569313e-05
741,64,0.0004110926500059951,24,4.330250259881699e-05,6.743856808534936e-05,4.15795471895264e-05
1060,64,0.00015415974375224817,9,3.7450212470649705e-05,6.723570297268218e-05,4.515301701188674e-05
890,64,0.00029119062708757987,17,3.480761072995886e-05,6.68094402533266e-05,2.4064327415088895e-05
654,64,0.00010277316250149878,6,4.55307789703706e-05,6.671528186673876e-05,3.531685742242178e-05
22,512,0.00018841746458608108,11,3.6893403263037804e-05,6.664151844474302e-05,2.9567847979877153e-05
2025,32,0.00020554632500299755,12,3.827871325547697e-05,6.657993314540435e-05,3.685235489154143e-05
2117,32,0.00030831948750449634,18,4.2408073996062496e-05,6.657076124550955e-05,3.9032837309157544e-05
1640,32,0.00037683492917216216,22,3.4927403816994105e-05,6.65056307055083e-05,2.898133698887816e-05
1457,32,0.0004624792312567445,27,3.109396653725978e-05,6.647675186041687e-05,2.3115810412496945e-05
62,512,0.00030831948750449634,18,3.626981990024264e-05,6.6184915866998e-05,4.4069227923433126e-05
248,128,0.00030831948750449634,18,3.963766619212148e-05,6.58627051929007e-05,4.8277454363274935e-05
873,64,0.0003254483479214128,19,3.7980023925625525e-05,6.576232637459952e-05,4.2184773519316404e-05
1164,64,0.00044535037083982804,26,3.5858452050182675e-05,6.549172639373088e-05,3.240838573124399e-05
631,64,0.0002398040458368305,14,3.426653046485538e-05,6.529857822253953e-05,2.712003302327902e-05
292,128,0.0003254483479214128,19,3.7764332322887626e-05,6.499152143704899e-05,3.091468073453074e-05
1466,32,0.00042822151042291157,25,2.97344951317858e-05,6.460487355536767e-05,2.797156267585466e-05
329,128,0.00030831948750449634,18,3.3506121843059365e-05,6.455965777754735e-05,3.831777011757448e-05
1407,32,0.0003254483479214128,19,3.27570501086608e-05,6.388735091628215e-05,3.1543978408434105e-05
620,64,0.0003254483479214128,19,3.605618427412391e-05,6.388531822861259e-05,3.4906346703075545e-05
689,64,0.0004110926500059951,24,3.322723295980991e-05,6.388042760901698e-05,2.858725402062832e-05
1695,32,0.0003254483479214128,19,2.782064548741407e-05,6.365238723350532e-05,3.541743761874718e-05
2374,32,0.0006508966958428256,38,2.5196281971931214e-05,6.363705574784048e-05,4.5296268624773095e-05
2327,32,0.00029119062708757987,17,4.0731915573620405e-05,6.357686706256173e-05,4.845022276166152e-05
1211,32,5.138658125074939e-05,3,4.2577074376989664e-05,6.349047502781043e-05,3.941941956769211e-05
1544,32,0.00015415974375224817,9,2.6378596652005577e-05,6.313170270997424e-05,4.781220877244684e-05
1757,32,0.0006851544166766586,40,2.5075246415299393e-05,6.305815938921053e-05,3.2993657047523425e-05
2256,32,0.00037683492917216216,22,4.3676807045573125e-05,6.299879865546049e-05,3.2604418175432157e-05
2126,32,0.00020554632500299755,12,3.5667623242662e-05,6.294266499020459e-05,3.248760153032301e-05
2319,32,0.0004110926500059951,24,3.257956265136187e-05,6.288514364488713e-05,3.133047976957514e-05
929,64,0.00029119062708757987,17,2.957971837771102e-05,6.284125774686632e-05,3.270439605661761e-05
2351,32,0.00020554632500299755,12,4.3177867317160505e-05,6.272355055890594e-05,4.322217742499254e-05
1285,32,0.00011990202291841524,7,3.423836796477061e-05,6.270715558902868e-05,3.14556468691084e-05
1679,32,0.0003254483479214128,19,3.293419066620736e-05,6.266866965003202e-05,3.1270471896789715e-05
2062,32,0.0005138658125074939,30,2.132978602541663e-05,6.264182004083806e-05,2.2738740115883566e-05
1104,64,0.0006851544166766586,40,3.36889087365403e-05,6.220601479601984e-05,2.8338726792505643e-05
231,256,0.00030831948750449634,18,2.5478338280369532e-05,6.215100566396509e-05,3.437881966443847e-05
1013,64,0.0005823812541751597,34,3.1759953466258954e-05,6.205878751170027e-05,2.674108833409955e-05
579,64,0.00017128860416916464,10,3.032780811962706e-05,6.202160165558819e-05,3.251155421340215e-05
1946,32,0.0002740617666706634,16,2.7783533202476944e-05,6.182799326503877e-05,2.7815739246718375e-05
1099,64,0.0006508966958428256,38,3.0507753398473925e-05,6.181550180946237e-05,3.058668591315768e-05
682,64,0.000479608091673661,28,3.613517681485353e-05,6.170868137530695e-05,7.328960066151557e-05
427,128,0.0002740617666706634,16,3.426820439199605e-05,6.15537091266014e-05,3.0283192132286712e-05
1842,32,0.0005481235333413268,32,2.8623074849049122e-05,6.153865527170341e-05,3.3088567267913015e-05
499,128,0.00039396378958907863,23,2.2021694917092885e-05,6.148986941399782e-05,2.635537700518636e-05
2257,32,0.0006508966958428256,38,3.1069756897782105e-05,6.145155900776416e-05,2.9486354572983992e-05
1460,32,0.00022267518541991402,13,3.076799023285858e-05,6.134959122371136e-05,2.6770509532253426e-05
1297,32,0.00039396378958907863,23,2.9139299660273297e-05,6.125497530811721e-05,3.4297773488915855e-05
1326,32,0.00015415974375224817,9,4.323010206267457e-05,6.09951757190695e-05,3.526475131782242e-05
1823,32,0.00025693290625374693,15,4.132033426599376e-05,6.097940382789519e-05,3.7755145064418126e-05
832,64,0.0001370308833353317,8,3.585763383717423e-05,6.0965780698687165e-05,3.680852009147006e-05
2008,32,0.00037683492917216216,22,2.816474314187078e-05,6.0929256753714046e-05,2.271942187490081e-05
167,256,0.0001370308833353317,8,3.8957757953586233e-05,6.0167091534020376e-05,4.3516710702530174e-05
94,256,0.0002398040458368305,14,2.794356257694847e-05,6.0064833259657664e-05,2.3962306287374795e-05
948,64,0.0002740617666706634,16,3.1363877379003574e-05,6.001662973620802e-05,3.395132012562538e-05
633,64,0.00025693290625374693,15,3.4895432590279506e-05,5.9993485265942534e-05,3.1363525374453e-05
1992,32,0.004967369520905774,290,2.7617841255622252e-05,5.9942083278021865e-05,2.630761690882294e-05
2222,32,0.00029119062708757987,17,3.428598036496478e-05,5.968460553869819e-05,3.752515759555228e-05
1090,64,0.00017128860416916464,10,3.430671347096041e-05,5.954698433305676e-05,3.205805777506961e-05
2137,32,0.00029119062708757987,17,3.7418987632432827e-05,5.921763566500671e-05,3.087901116128068e-05
2213,32,0.00025693290625374693,15,3.6849245192048745e-05,5.919453295441532e-05,3.8746999621450514e-05
1792,32,0.00017128860416916464,10,3.560724427657121e-05,5.9109468565963956e-05,4.901619393346783e-05
1555,32,0.0002740617666706634,16,3.144119997752562e-05,5.8692001638709086e-05,2.831818449748583e-05
1304,32,0.000479608091673661,28,3.222992900517206e-05,5.83365871506156e-05,2.8211029155169298e-05
2011,32,0.0001370308833353317,8,3.181074367671584e-05,5.8295620978009414e-05,2.5988236830038954e-05
2364,32,0.0005138658125074939,30,3.362093733070104e-05,5.817335447289216e-05,3.512993696645361e-05
469,128,0.0002740617666706634,16,2.667198161794949e-05,5.806637153472133e-05,2.757214698016228e-05
760,64,0.00025693290625374693,15,3.576809105685496e-05,5.779874542471184e-05,3.50696217337684e-05
697,64,0.00042822151042291157,25,2.9690122308317346e-05,5.77669539946363e-05,2.5068333459287192e-05
1905,32,0.0007022832770935749,41,3.0511036938678912e-05,5.776601179621962e-05,2.7306823408988978e-05
1564,32,0.0004967369520905774,29,2.60945099100821e-05,5.774286915336289e-05,2.0005374667525292e-05
626,64,0.00020554632500299755,12,3.825895836281794e-05,5.7450437526213265e-05,3.7344736058176087e-05
1966,32,0.00018841746458608108,11,3.9376086033280256e-05,5.722566760323318e-05,4.050789241059274e-05
2106,32,0.0006508966958428256,38,2.8610858964853884e-05,5.721694829157286e-05,2.7155369967878182e-05
1293,32,0.0004110926500059951,24,3.308846888568965e-05,5.689967723869846e-05,2.734099548968624e-05
1973,32,0.0006166389750089927,36,3.6006823782047426e-05,5.6873214938637434e-05,2.870739164325627e-05
756,64,0.00020554632500299755,12,3.698407310622828e-05,5.684658647974349e-05,3.6116898753076564e-05
2,512,0.00015415974375224817,9,3.643904193150777e-05,5.6708966560056364e-05,3.741881780855862e-05
1865,32,0.0007707987187612408,45,3.4025168924922926e-05,5.670166531758836e-05,3.2737136420086926e-05
606,64,0.0005138658125074939,30,2.125568423870115e-05,5.6543221398342995e-05,3.3056114023818616e-05
1453,32,0.0005309946729244103,31,3.111694882372456e-05,5.6437356766647185e-05,3.618911623115544e-05
751,64,0.0004110926500059951,24,2.883390976591988e-05,5.635532113899937e-05,2.361013519276132e-05
267,128,0.00030831948750449634,18,3.343552212657893e-05,5.61603175387875e-05,2.129895026215677e-05
1472,32,0.00025693290625374693,15,2.9513522401543695e-05,5.6126363387373257e-05,2.552596736208708e-05
1325,32,0.00022267518541991402,13,3.0720163062637277e-05,5.609809386465779e-05,3.216877860197687e-05
1965,32,0.0002740617666706634,16,2.3638190755299987e-05,5.5978131383569014e-05,3.354064288776177e-05
1348,32,0.00029119062708757987,17,3.485672719672876e-05,5.591363766167727e-05,3.4222237279429387e-05
770,64,0.0003597060687552457,21,2.3951578043471814e-05,5.556183487777953e-05,2.8770233648955903e-05
1745,32,0.00029119062708757987,17,2.0890011080461257e-05,5.528961899380062e-05,1.8671466930109284e-05
781,64,0.00042822151042291157,25,2.7420445228904903e-05,5.527906916002426e-05,2.650375432042415e-05
874,64,0.0003254483479214128,19,2.8963105763624706e-05,5.5157659235839516e-05,3.0411535028877885e-05
2048,32,0.0002740617666706634,16,2.3385676220349092e-05,5.506210931132718e-05,2.1750949922608265e-05
1134,64,0.00018841746458608108,11,3.854827924576867e-05,5.491048446936626e-05,3.54518628974353e-05
1374,32,0.0003425772083383293,20,2.7288062599207973e-05,5.471159782859973e-05,2.2733963454109256e-05
1022,64,0.00029119062708757987,17,3.224493347471953e-05,5.4642588241270354e-05,4.636413671544791e-05
2358,32,0.0003254483479214128,19,2.982331904325541e-05,5.45206179117347e-05,3.041635934394342e-05
310,128,0.00025693290625374693,15,2.7641816334408256e-05,5.414489752830535e-05,2.787452107459545e-05
1888,32,0.00017128860416916464,10,2.601694306929954e-05,5.3911177498707626e-05,2.5984517525116383e-05
548,128,0.00015415974375224817,9,3.61818372738741e-05,5.3795834300855536e-05,4.0539135817513085e-05
424,128,0.0002740617666706634,16,2.447329686823775e-05,5.367068644590748e-05,2.3881070723838858e-05
1910,32,0.00037683492917216216,22,2.8660405013154538e-05,5.359243138856054e-05,2.316683854962181e-05
897,64,0.00042822151042291157,25,2.2320304937523247e-05,5.358234591965286e-05,5.1708641437923806e-05
482,128,0.00025693290625374693,15,3.176515576132167e-05,5.329568552007236e-05,3.098256367740764e-05
408,128,0.0002740617666706634,16,3.124731330335701e-05,5.3072486221074555e-05,3.155618811582352e-05
1689,32,0.0002740617666706634,16,2.5656753249192163e-05,5.275061754314127e-05,3.132976101398819e-05
1319,32,0.00042822151042291157,25,2.881758647813771e-05,5.255932493633406e-05,1.793563500192472e-05
516,128,0.0002740617666706634,16,2.8597755247774223e-05,5.2498170228643035e-05,2.7481529154865494e-05
1308,32,0.0002398040458368305,14,2.9874023974867812e-05,5.2425412693643115e-05,3.6711852978207e-05
2166,32,0.00030831948750449634,18,2.547491437416646e-05,5.2347322306129355e-05,3.0387718235526906e-05
2335,32,0.00025693290625374693,15,2.401590875828083e-05,5.2259347126261724e-05,2.7196694151621452e-05
1212,32,0.000479608091673661,28,1.8696298544580986e-05,5.205055244444107e-05,3.715655777993075e-05
596,64,0.00018841746458608108,11,3.1284308835178237e-05,5.201697384244601e-05,3.1401255244257696e-05
573,64,0.0003597060687552457,21,3.0210805085573536e-05,5.20072762579666e-05,3.083410578293022e-05
1355,32,0.0002398040458368305,14,2.7450553044750545e-05,5.187799845923682e-05,2.530713357100643e-05
695,64,0.0003254483479214128,19,2.9541898631552967e-05,5.18197478424633e-05,2.7554332306442174e-05
2241,32,0.00025693290625374693,15,2.5281058274548585e-05,5.167038242222092e-05,2.3701377283830326e-05
1025,64,0.0006166389750089927,36,3.339148204023833e-05,5.1653330397374256e-05,2.6377123904962078e-05
2111,32,0.0003597060687552457,21,3.186553020875551e-05,5.1648792467667975e-05,3.161878657160089e-05
410,128,0.00018841746458608108,11,2.0951338211770225e-05,5.15224570000759e-05,2.770484375914061e-05
1886,32,0.0002398040458368305,14,2.301841458929044e-05,5.1440225772009705e-05,2.2653594736356132e-05
1716,32,0.00030831948750449634,18,3.153458496716519e-05,5.1400851475472774e-05,3.330735442666208e-05
1995,32,0.00025693290625374693,15,2.5433157281202102e-05,5.135103401168522e-05,1.9658978095114823e-05
1569,32,0.0002398040458368305,14,2.7520203099668815e-05,5.1333667266442205e-05,2.7173931116239482e-05
1980,32,0.0004110926500059951,24,2.968292194099958e-05,5.123497325132947e-05,2.6328223919921968e-05
1955,32,0.000479608091673661,28,2.2261359535959262e-05,5.1157310748191134e-05,2.4484040503107312e-05
197,256,0.00022267518541991402,13,1.96326791957337e-05,5.1116358856445946e-05,2.2255661933493677e-05
997,64,0.0004110926500059951,24,3.0303408702895198e-05,5.101959783370302e-05,2.9961810755653307e-05
507,128,0.00030831948750449634,18,2.8082103029002457e-05,5.0936926132445556e-05,2.173471786395098e-05
963,64,0.00020554632500299755,12,3.0477493143782452e-05,5.093557371460474e-05,2.433384008576337e-05
307,128,0.0001370308833353317,8,2.816796808936152e-05,5.0808118857628755e-05,2.8770555327814655e-05
1989,32,0.00022267518541991402,13,2.663481571348824e-05,5.075511994288408e-05,2.2405350097099965e-05
1512,32,0.00030831948750449634,18,2.682205294770888e-05,5.072282340349285e-05,2.3085765956768498e-05
918,64,0.0001370308833353317,8,3.483019643741326e-05,5.069002737237581e-05,3.8210189762521575e-05
837,64,0.00029119062708757987,17,1.76820694512386e-05,5.0531037667049555e-05,2.190599800946952e-05
407,128,0.00020554632500299755,12,2.2558035951354876e-05,5.043055983026669e-05,3.9136282139566416e-05
1142,64,0.00018841746458608108,11,2.9090740573657172e-05,5.037560870151938e-05,2.8029602138453097e-05
1686,32,0.0005481235333413268,32,2.3757815661567944e-05,5.031404763226714e-05,1.768506894292384e-05
1831,32,0.00042822151042291157,25,2.314954416969653e-05,5.024540691077865e-05,2.6085539031246415e-05
972,64,0.00030831948750449634,18,2.800503293932351e-05,5.0233300327790176e-05,2.7733969848910383e-05
2227,32,0.00037683492917216216,22,2.3169706182774222e-05,5.015862435200865e-05,2.0476735666218375e-05
1814,32,0.00022267518541991402,13,2.0432349037461277e-05,5.008882992646077e-05,1.6993117298562636e-05
2201,32,0.00020554632500299755,12,2.9213241475375096e-05,4.997619792638005e-05,2.6684973380423566e-05
1532,32,0.0002740617666706634,16,2.8415319915364512e-05,4.997177018265339e-05,3.1585287966930524e-05
2412,32,0.0004110926500059951,24,2.6539876765846765e-05,4.975937987106583e-05,2.0030249813163668e-05
2368,32,0.0003597060687552457,21,2.7940710909052438e-05,4.969935443430235e-05,4.052063020935623e-05
2032,32,0.0003254483479214128,19,2.5139140877244496e-05,4.957557855723694e-05,2.8017614898169366e-05
490,128,0.00029119062708757987,17,3.234953645622066e-05,4.95071045360358e-05,2.615635508907468e-05
172,256,0.0002398040458368305,14,2.7491813230276846e-05,4.9413743441118694e-05,2.9096528904339312e-05
517,128,0.00017128860416916464,10,2.369811755112796e-05,4.9287783539866254e-05,2.3187346514873707e-05
601,64,0.00025693290625374693,15,3.081001151189193e-05,4.92873134220441e-05,2.2691286626462202e-05
1441,32,6.851544166766585e-05,4,2.7762641394686182e-05,4.922870679897279e-05,2.9432613299424323e-05
1245,32,0.000479608091673661,28,2.346300265704129e-05,4.921171853038705e-05,2.0297866229973743e-05
1486,32,0.002997550572960381,175,2.5423710772365373e-05,4.919706748375547e-05,2.5163725757676063e-05
2225,32,0.00017128860416916464,10,2.8300979923722932e-05,4.910990627912368e-05,3.0506642320002097e-05
349,128,0.0002740617666706634,16,2.4042952540244206e-05,4.896433068466911e-05,2.2590276976225994e-05
1366,32,0.00011990202291841524,7,2.16031179019145e-05,4.888004235272196e-05,2.5868922943172995e-05
2249,32,0.00025693290625374693,15,2.206645411954681e-05,4.887866029025026e-05,2.111792768584018e-05
18,512,0.00018841746458608108,11,2.7158139856907004e-05,4.8824189431595964e-05,2.1158340637580263e-05
736,64,0.00039396378958907863,23,2.7751137802127178e-05,4.863389161196843e-05,2.8832279637947788e-05
1255,32,0.00025693290625374693,15,2.974749712299928e-05,4.853726285216411e-05,2.6570215360047657e-05
1122,64,0.0002740617666706634,16,2.1455714882080697e-05,4.833171414321195e-05,2.4689672698983757e-05
327,128,0.00015415974375224817,9,3.17531092543308e-05,4.825135120370935e-05,3.3306851910327e-05
2168,32,0.00030831948750449634,18,2.7501362814560787e-05,4.816810874178471e-05,4.5869272013439616e-05
1017,64,0.00025693290625374693,15,2.5836555000256562e-05,4.8143541396918714e-05,2.105914072764091e-05
2049,32,0.0003597060687552457,21,2.844708673319708e-05,4.7808544073049594e-05,2.77769901784285e-05
445,128,0.0003425772083383293,20,1.9920265404445145e-05,4.7452850600553154e-05,2.8721569531116754e-05
1030,64,0.00025693290625374693,15,2.1534913379084312e-05,4.714274082417264e-05,2.6891116209264238e-05
681,64,0.00015415974375224817,9,1.967168692414851e-05,4.691391283548844e-05,1.7936842669559544e-05
210,256,0.00018841746458608108,11,2.5530542371570386e-05,4.687976370971253e-05,2.931086498534344e-05
942,64,0.00025693290625374693,15,2.1723388096151775e-05,4.687607207330429e-05,1.7873157453292774e-05
1565,32,0.00039396378958907863,23,2.4702508127012873e-05,4.6773154036699954e-05,1.9702455967695857e-05
2214,32,0.0003425772083383293,20,2.8103208478979003e-05,4.675033410069263e-05,2.4719594626793342e-05
2383,32,0.00025693290625374693,15,1.9027015159807545e-05,4.665806505170995e-05,1.846319805491312e-05
1753,32,0.004950240660488858,289,2.271545036343491e-05,4.6484983892921364e-05,2.241981978160672e-05
1137,64,0.00022267518541991402,13,2.8993027283050437e-05,4.647899645582404e-05,3.3615430223351894e-05
2099,32,0.00039396378958907863,23,2.3213782047369225e-05,4.635650903729309e-05,2.1131224817342746e-05
1835,32,0.0003597060687552457,21,2.3429929945684977e-05,4.631419992229889e-05,2.5881607856227102e-05
1841,32,0.0003425772083383293,20,2.1986070125685067e-05,4.631370282058683e-05,2.087896968271253e-05
936,64,0.00015415974375224817,9,2.795602113048827e-05,4.6286238673287775e-05,2.3546454672908896e-05
1231,32,0.00015415974375224817,9,2.9034941568703956e-05,4.613259880860857e-05,2.5572019507829805e-05
1610,32,0.00030831948750449634,18,2.4110582489322182e-05,4.5872225345530624e-05,2.4093633602139262e-05
361,128,0.00020554632500299755,12,2.1002547262943394e-05,4.572325410412444e-05,3.1300647022590164e-05
1861,32,0.00022267518541991402,13,2.7131829778017817e-05,4.565473872934004e-05,2.580641374479219e-05
491,128,0.0001370308833353317,8,2.6560864748035663e-05,4.564675687863426e-05,2.647504840659445e-05
2007,32,0.00020554632500299755,12,1.9345186660069276e-05,4.5510395096032655e-05,1.6237234310089313e-05
2238,32,0.0003597060687552457,21,2.2873495704644066e-05,4.5412819522758545e-05,2.0149590908604044e-05
2172,32,0.00017128860416916464,10,2.1796665483481495e-05,4.5362959216388004e-05,1.631322484661583e-05
1334,32,0.0003425772083383293,20,2.134366449133853e-05,4.5068113988366526e-05,2.9116154913605714e-05
1761,32,0.00022267518541991402,13,2.736302656081591e-05,4.4873104026064925e-05,2.1248724561023397e-05
2066,32,0.00030831948750449634,18,2.5184248418365785e-05,4.483404566819685e-05,2.3731100481845877e-05
1179,64,5.138658125074939e-05,3,2.581296705500901e-05,4.481623262912727e-05,2.9798201539346113e-05
870,64,0.00022267518541991402,13,2.946026230307212e-05,4.477218307650037e-05,2.3538898652705094e-05
1298,32,0.0001370308833353317,8,2.409685971017397e-05,4.4771033501031134e-05,2.249078255771633e-05
449,128,0.00022267518541991402,13,2.373326616695942e-05,4.4692411743661096e-05,2.9315351898771763e-05
2233,32,0.0002740617666706634,16,2.2455157038874767e-05,4.463454630404363e-05,1.6790416328862214e-05
625,64,0.00025693290625374693,15,2.2665394528449858e-05,4.4568302262975565e-05,1.837137590562433e-05
515,128,0.00029119062708757987,17,1.8970562707184132e-05,4.454269579934718e-05,2.104240615264854e-05
701,64,0.00025693290625374693,15,2.270729999556448e-05,4.443792301054037e-05,2.6098401336038072e-05
1915,32,0.00018841746458608108,11,2.6367280284301655e-05,4.436457298901364e-05,2.7874487280831348e-05
1938,32,0.0002398040458368305,14,1.96660734710908e-05,4.434571968059098e-05,2.1184737702230824e-05
595,64,0.00025693290625374693,15,2.2398978326269234e-05,4.429068070085993e-05,2.13685260071657e-05
814,64,0.00029119062708757987,17,2.485732795282249e-05,4.421487328833309e-05,2.5536309861913862e-05
1836,32,0.00018841746458608108,11,2.0590071094193125e-05,4.408562933050613e-05,1.9561215900541305e-05
2072,32,0.0002740617666706634,16,2.891250933928385e-05,4.4044130637452963e-05,2.6548033990896903e-05
641,64,0.000479608091673661,28,2.0939453499763144e-05,4.401819984261183e-05,2.8985763053111905e-05
2054,32,0.000479608091673661,28,2.219963129832201e-05,4.381134393995537e-05,2.016071531037155e-05
2325,32,0.0002398040458368305,14,2.7118557679169436e-05,4.380458401656908e-05,2.747892917904485e-05
1049,64,0.00025693290625374693,15,1.6918684389111734e-05,4.371628037689855e-05,2.197247784751241e-05
849,64,0.0002398040458368305,14,1.9218405014960444e-05,4.363782498140684e-05,1.7246885367760206e-05
1396,32,0.00037683492917216216,22,2.3093163772894996e-05,4.353824680502579e-05,2.9250837280416992e-05
1162,64,0.0003597060687552457,21,2.237360516928019e-05,4.328884774369113e-05,1.7868351898360632e-05
286,128,0.00030831948750449634,18,2.568873923834507e-05,4.315809593675665e-05,2.3280390752852242e-05
1666,32,0.0003597060687552457,21,1.952099716084885e-05,4.312678525054675e-05,2.0878981883180233e-05
1338,32,0.0002740617666706634,16,2.102772891342786e-05,4.308167031861686e-05,1.9765574194026244e-05
1414,32,0.00039396378958907863,23,2.113156114697234e-05,4.2979816239997585e-05,2.0336752464191325e-05
794,64,0.00018841746458608108,11,2.6969268972403515e-05,4.2797103791058244e-05,2.569680594256108e-05
1368,32,0.00015415974375224817,9,2.6246666690289278e-05,4.275573816043502e-05,1.94049764048275e-05
1774,32,0.0003425772083383293,20,2.4367736303165756e-05,4.261270884011185e-05,1.7817363540375763e-05
474,128,0.00015415974375224817,9,2.7844202223201607e-05,4.237192310072984e-05,2.3413009045558208e-05
746,64,0.0002398040458368305,14,1.686721950459563e-05,4.2329749958483214e-05,1.6207753309224494e-05
1894,32,0.00025693290625374693,15,2.303233944506601e-05,4.232028655305141e-05,2.0128417788146324e-05
188,256,0.00018841746458608108,11,1.9482889510453156e-05,4.2303944104255336e-05,3.620039957081499e-05
1799,32,0.0030489371542111302,178,2.0589591586938317e-05,4.228714441410064e-05,1.9711767285523683e-05
1697,32,0.0002740617666706634,16,1.7671086498643545e-05,4.21254724618954e-05,1.264818265274277e-05
2397,32,0.0003425772083383293,20,2.369808019676711e-05,4.204978389861931e-05,1.852374320770939e-05
1171,64,0.0002398040458368305,14,2.4454056449903596e-05,4.201078713119439e-05,1.7809434563615265e-05
2100,32,0.00017128860416916464,10,2.0222257659972745e-05,4.173049403284551e-05,2.0900413000139123e-05
1109,64,0.0002740617666706634,16,2.5080383354587865e-05,4.171730325501208e-05,2.9794837502854464e-05
2015,32,0.00025693290625374693,15,2.2882309878936918e-05,4.1679711291145556e-05,1.994243932059052e-05
809,64,0.00037683492917216216,22,2.3474031426795464e-05,4.13409625678338e-05,1.994837479708086e-05
666,64,0.0003254483479214128,19,2.5550483780793747e-05,4.115289371311226e-05,1.9801638010841497e-05
1207,32,0.00010277316250149878,6,2.2694237244490397e-05,4.095741674635156e-05,2.232062927087706e-05
1660,32,0.0003425772083383293,20,2.260554060361623e-05,4.09236480600053e-05,2.1887289026152267e-05
1358,32,0.00030831948750449634,18,1.9523384713254278e-05,4.090650243122139e-05,1.3979148928862358e-05
1646,32,0.0003425772083383293,20,2.1010604274423817e-05,4.089613283409352e-05,2.1006259969914287e-05
2016,32,0.0004110926500059951,24,2.32185605245374e-05,4.07391073224495e-05,2.1584891041263508e-05
332,128,0.00022267518541991402,13,1.597108719458395e-05,4.0690362750645364e-05,1.6754840224467255e-05
1551,32,0.0003425772083383293,20,1.3749422391756647e-05,4.058523720426742e-05,1.4104330679166455e-05
699,64,0.0003254483479214128,19,2.1859670281195817e-05,4.055805378840793e-05,2.9232684949819764e-05
342,128,0.00017128860416916464,10,2.1919996029765333e-05,4.048370637395201e-05,2.0087229825943093e-05
2194,32,0.0002740617666706634,16,2.2940297183259718e-05,4.041865671370853e-05,2.1606324608525534e-05
582,64,0.00011990202291841524,7,2.1485238220865612e-05,4.024538709493207e-05,2.0986905791152182e-05
2162,32,0.002038334389613059,119,1.4307685923973017e-05,4.015659964033396e-05,1.4763065465432097e-05
117,256,0.00015415974375224817,9,2.414308684520859e-05,4.011916188100142e-05,2.3435743238830332e-05
1286,32,0.00039396378958907863,23,1.9698833245555284e-05,3.996074963684112e-05,1.8102785774081064e-05
710,64,0.00025693290625374693,15,2.3161507328094737e-05,3.9914305028157115e-05,1.4139074139926559e-05
2440,32,0.0003254483479214128,19,2.0130416622930608e-05,3.9865697444327645e-05,1.7356402712967165e-05
465,128,0.00015415974375224817,9,2.0714178593953928e-05,3.976786082232908e-05,2.1365625486350868e-05
2316,32,0.00020554632500299755,12,1.777834150576399e-05,3.971917621660476e-05,1.5056765525045079e-05
731,64,0.00029119062708757987,17,1.8568361846354304e-05,3.9551208249029716e-05,2.536870215927039e-05
1607,32,0.0002740617666706634,16,2.096729074443992e-05,3.951947018605794e-05,1.7778427789615616e-05
2321,32,0.00022267518541991402,13,2.2687869729785165e-05,3.9473893088918065e-05,2.0815241279852963e-05
926,64,0.0002740617666706634,16,2.1355833283770345e-05,3.944334010052259e-05,1.7974891334012005e-05
1359,32,0.00018841746458608108,11,2.579717851398158e-05,3.943166282322745e-05,2.1123715914426358e-05
2306,32,0.00011990202291841524,7,1.8199967514812936e-05,3.9410437267516206e-05,1.3643611257664867e-05
2407,32,6.851544166766585e-05,4,2.41036458980943e-05,3.913526389167512e-05,2.245283986887456e-05
1435,32,0.00020554632500299755,12,2.1732379457990245e-05,3.903968472862273e-05,2.1810048375593868e-05
1752,32,0.00017128860416916464,10,2.1509579596041907e-05,3.9035543143570425e-05,1.9989763403377447e-05
1997,32,0.00018841746458608108,11,2.3674123474516392e-05,3.8935571499012135e-05,1.8978705080462e-05
2442,32,0.0003425772083383293,20,1.848606980973481e-05,3.8831330858402377e-05,1.8518483708597066e-05
933,64,0.00029119062708757987,17,2.1894106994631912e-05,3.86345544348138e-05,2.3984015615835735e-05
1279,32,0.00030831948750449634,18,1.4030767014753524e-05,3.8506233792179735e-05,1.734272073072809e-05
1234,32,5.138658125074939e-05,3,2.3824013577558587e-05,3.8493105416971124e-05,2.1040516177685933e-05
820,64,0.00025693290625374693,15,1.4354094161793893e-05,3.83802261075725e-05,1.3141899694019108e-05
1871,32,0.0002398040458368305,14,1.3908706516738549e-05,3.832318645366596e-05,4.6141463988498804e-05
2250,32,0.0002398040458368305,14,2.027696624652961e-05,3.832254239360324e-05,1.590952648047122e-05
1042,64,0.00017128860416916464,10,1.7835079385202663e-05,3.832151444233879e-05,2.3096580446237113e-05
1147,64,0.00022267518541991402,13,1.8360140551067885e-05,3.8244987842944944e-05,1.7711416516555824e-05
747,64,0.00011990202291841524,7,2.717217302373844e-05,3.7933462027826294e-05,2.9858432798100894e-05
237,256,0.00018841746458608108,11,1.9185517977876764e-05,3.78983347645949e-05,1.3687277905683442e-05
1227,32,0.0002398040458368305,14,1.4492290285637607e-05,3.776473155702862e-05,1.4012794475148996e-05
1616,32,0.0003254483479214128,19,2.296093694802021e-05,3.7761720664221766e-05,1.7427662913763062e-05
1856,32,0.00017128860416916464,10,2.1393166874471557e-05,3.775437278898966e-05,1.6732167544013475e-05
556,128,0.00010277316250149878,6,2.3315978751427015e-05,3.773590249190526e-05,1.5336321554371654e-05
863,64,0.0004110926500059951,24,1.760437655544067e-05,3.770549982480017e-05,1.9581093933694977e-05
1664,32,0.0002740617666706634,16,2.022544221175958e-05,3.7690115208917886e-05,2.064348888945268e-05
1032,64,0.00037683492917216216,22,1.8955526988295406e-05,3.7668839704034054e-05,2.1482237250384142e-05
1301,32,0.0003425772083383293,20,1.6493147638826616e-05,3.764181050116877e-05,1.903679048624426e-05
1540,32,0.00020554632500299755,12,1.7013916543599986e-05,3.755471315432062e-05,1.7205015225849148e-05
1826,32,0.00042822151042291157,25,2.0872197641464216e-05,3.737326872401043e-05,1.4540882760824479e-05
2452,32,0.00018841746458608108,11,1.562357556834005e-05,3.7325792712289886e-05,1.4531410833283197e-05
1034,64,0.0003254483479214128,19,1.7838823904637858e-05,3.725072749844398e-05,1.556140859563076e-05
1767,32,8.564430208458232e-05,5,1.4549789076724892e-05,3.7165330250872345e-05,1.4483682833338475e-05
1652,32,0.00020554632500299755,12,2.4673463379011966e-05,3.703970902937546e-05,2.2352102189524602e-05
1598,32,0.00018841746458608108,11,2.0643980404947634e-05,3.692887709459823e-05,2.0070118440271387e-05
1210,32,0.00010277316250149878,6,1.7431534928723868e-05,3.6905483013833445e-05,1.2455405410748568e-05
1577,32,6.851544166766585e-05,4,2.7443810056185004e-05,3.6875061937277215e-05,3.72432485860661e-05
1496,32,0.00025693290625374693,15,2.5346103932298397e-05,3.681638260702616e-05,2.5663572302441424e-05
1117,64,0.00030831948750449634,18,1.3472819373332426e-05,3.663172148045854e-05,1.1683103068571898e-05
1810,32,0.00011990202291841524,7,2.2642286568234323e-05,3.65372526374281e-05,2.1381106233570664e-05
2135,32,0.00022267518541991402,13,2.1860952759648304e-05,3.639608700330575e-05,2.2258682595734215e-05
2061,32,0.00029119062708757987,17,1.9675684076856258e-05,3.633273818683866e-05,1.8573316515632446e-05
1429,32,0.00025693290625374693,15,1.4961108718346831e-05,3.6326944218182826e-05,1.7097950455414726e-05
2243,32,0.00020554632500299755,12,1.7188145450276378e-05,3.623305439299986e-05,1.6009446166957165e-05
858,64,0.0003425772083383293,20,1.7462961923330577e-05,3.615259615751489e-05,1.8634337588765165e-05
1102,64,0.00025693290625374693,15,1.7065336678178843e-05,3.606941724880576e-05,1.9421433100129703e-05
2051,32,8.564430208458232e-05,5,2.1314599786767147e-05,3.599117085472995e-05,2.628209601897391e-05
1859,32,5.138658125074939e-05,3,1.8622558420056177e-05,3.5948566240972204e-05,2.141348661943272e-05
2370,32,0.0001370308833353317,8,2.0259316427481714e-05,3.590214518555657e-05,2.0998942088546644e-05
952,64,0.00015415974375224817,9,1.944449179904258e-05,3.582016329726245e-05,2.2695096949936725e-05
906,64,0.0003254483479214128,19,2.0579563007474636e-05,3.581478800825647e-05,1.9534599329568023e-05
1661,32,0.00037683492917216216,22,1.5305497863959545e-05,3.571408506178796e-05,2.053592826444483e-05
787,64,8.564430208458232e-05,5,2.0255775956402182e-05,3.5403810953983293e-05,1.5726269380837327e-05
1573,32,0.00030831948750449634,18,1.7567946367258403e-05,3.527680563956054e-05,1.6375166110672585e-05
753,64,0.00022267518541991402,13,1.997038324119249e-05,3.5210564914900953e-05,1.0262766962696148e-05
1406,32,0.0002398040458368305,14,1.5214908421340764e-05,3.508160562674863e-05,1.9769028253634197e-05
2039,32,0.00029119062708757987,17,1.820437739683638e-05,3.502969391868927e-05,2.324969330409969e-05
735,64,0.0003597060687552457,21,1.5000487734687424e-05,3.499420553918374e-05,1.984970757283397e-05
2012,32,0.00015415974375224817,9,1.2983588211762775e-05,3.499385399988511e-05,1.4828233740434739e-05
2224,32,0.00015415974375224817,9,1.6760890444059194e-05,3.497449971073691e-05,1.377719823687779e-05
602,64,5.138658125074939e-05,3,2.362619182502837e-05,3.4827413339936724e-05,1.602389540036612e-05
146,256,0.0001370308833353317,8,2.0803029300828352e-05,3.48145297021374e-05,1.8155156103035393e-05
2133,32,0.00011990202291841524,7,1.9585791317953204e-05,3.457576670119952e-05,1.857575834480477e-05
947,64,0.0002740617666706634,16,1.3235941695116118e-05,3.447870029814943e-05,1.12041360992246e-05
39,512,0.0001370308833353317,8,1.5099878072742731e-05,3.444806927263202e-05,1.8410557733181845e-05
2197,32,0.00011990202291841524,7,2.3495680052824777e-05,3.4421777598403075e-05,2.7545781310020667e-05
2446,32,0.0003254483479214128,19,1.621376195023507e-05,3.4395332861770616e-05,1.203515256689218e-05
1824,32,0.0001370308833353317,8,1.8549936361195742e-05,3.43847212683466e-05,1.79034539201465e-05
1720,32,0.00020554632500299755,12,2.257838759492381e-05,3.431839309879409e-05,1.7368116897595032e-05
1087,64,0.0002398040458368305,14,1.913595966529843e-05,3.4287783596090886e-05,1.5242584595276998e-05
519,128,0.00022267518541991402,13,2.13511603770195e-05,3.403998453264217e-05,1.9150928975548286e-05
1951,32,0.00010277316250149878,6,1.7790470340387874e-05,3.3994800429906885e-05,1.4150171460739599e-05
1537,32,0.00011990202291841524,7,1.2586144512378124e-05,3.391010720847779e-05,9.777401817949414e-06
1721,32,0.0002398040458368305,14,2.4062667794145188e-05,3.387368735812179e-05,1.2984051370103714e-05
505,128,0.0001370308833353317,8,1.6920137240204238e-05,3.365994956946523e-05,1.550346387808697e-05
426,128,0.00015415974375224817,9,2.0350195299396596e-05,3.364526004572713e-05,1.5660608046138273e-05
1071,64,0.00029119062708757987,17,1.6672088714533026e-05,3.3419370936408556e-05,1.351199399036248e-05
1709,32,0.00020554632500299755,12,1.3148141126589729e-05,3.3096509637113384e-05,1.7425308708451892e-05
608,64,0.00029119062708757987,17,1.527531616573141e-05,3.2961015061487774e-05,1.7773281668071375e-05
615,64,0.00015415974375224817,9,1.8525666593576235e-05,3.281371556068154e-05,1.4631799829391914e-05
1674,32,0.0001370308833353317,8,1.7868411413527868e-05,3.281165749233486e-05,1.0713157999137982e-05
2193,32,0.00015415974375224817,9,1.9254987121937226e-05,3.265919041798423e-05,2.197057733114151e-05
1051,64,8.564430208458232e-05,5,1.7511730083338094e-05,3.2598306572879484e-05,2.178865477890177e-05
132,256,0.00017128860416916464,10,1.8198651485074263e-05,3.2596140619734563e-05,2.6764838662977928e-05
1832,32,0.0003254483479214128,19,1.5078647995499063e-05,3.259130556690141e-05,1.8833644327092573e-05
1364,32,0.00010277316250149878,6,1.3290829756806296e-05,3.258261874250781e-05,1.166130752006931e-05
1180,64,0.00015415974375224817,9,1.6640191536106853e-05,3.257152833414961e-05,1.5996951050300237e-05
2254,32,0.0020212055291961425,118,1.1553960780821895e-05,3.2514136616410446e-05,1.3272123906558939e-05
1621,32,0.0001370308833353317,8,1.5656498236915186e-05,3.250460815184294e-05,1.3470252400032162e-05
1696,32,0.0001370308833353317,8,1.4473559125162661e-05,3.241544238133184e-05,1.0238620297285304e-05
2097,32,0.00029119062708757987,17,1.7333565744154725e-05,3.232754865651732e-05,2.1783171408864263e-05
1947,32,0.00020554632500299755,12,1.2926064671975704e-05,3.221394119241244e-05,1.499795567182587e-05
2435,32,0.0001370308833353317,8,1.115868993131453e-05,3.2177398567260956e-05,1.3246436415239562e-05
2005,32,8.564430208458232e-05,5,1.5676386364807305e-05,3.2173010620436034e-05,1.1581521948938883e-05
1177,64,0.00010277316250149878,6,2.2102272325377532e-05,3.2164735301420885e-05,2.2946994187164946e-05
2388,32,0.0002740617666706634,16,1.8052169453789213e-05,3.201490812205935e-05,1.808062809119397e-05
946,64,0.00020554632500299755,12,1.8340096918260513e-05,3.1970920802852756e-05,2.0407521711020067e-05
525,128,0.00018841746458608108,11,1.4389878337763597e-05,3.194954370757862e-05,2.095245406960937e-05
501,128,0.00022267518541991402,13,1.7930746768404688e-05,3.191650050250729e-05,1.1179436928742272e-05
1714,32,6.851544166766585e-05,4,1.9609990840358937e-05,3.1884826771091796e-05,2.8212847216287224e-05
1105,64,0.00010277316250149878,6,1.4450902065391382e-05,3.18540703988703e-05,1.3651649323962959e-05
1473,32,0.00011990202291841524,7,1.91207207323695e-05,3.180630978515693e-05,1.6387248402298853e-05
1310,32,0.0002740617666706634,16,1.6339238738732295e-05,3.170325137648764e-05,1.500165307716415e-05
986,64,0.00020554632500299755,12,1.9762845730434837e-05,3.169871114559996e-05,1.6299674466074426e-05
1010,64,0.00022267518541991402,13,1.7160935599655968e-05,3.155956236160465e-05,1.4169279128796488e-05
1633,32,0.00017128860416916464,10,1.611597789436325e-05,3.1528229746489716e-05,2.2321193963654253e-05
1385,32,0.00015415974375224817,9,1.8425282587407763e-05,3.150557326204308e-05,1.559762484172035e-05
1608,32,0.00010277316250149878,6,1.7406404313459437e-05,3.1425903790321335e-05,1.5080785106504664e-05
1365,32,0.00015415974375224817,9,1.5484381919070028e-05,3.140360466580862e-05,1.0169737796634305e-05
498,128,0.00017128860416916464,10,2.100643192504175e-05,3.137486453457791e-05,1.3125880939354723e-05
866,64,0.0001370308833353317,8,1.7656484299956446e-05,3.1344687924703744e-05,2.1243590206039016e-05
2293,32,0.00018841746458608108,11,1.4865290635120865e-05,3.1328065543959436e-05,1.5281219928662916e-05
2037,32,0.00010277316250149878,6,1.833127863460511e-05,3.1193324334512695e-05,9.544072020746279e-06
1581,32,8.564430208458232e-05,5,2.105889906649399e-05,3.1176211396040925e-05,1.5790751098767678e-05
1307,32,0.00015415974375224817,9,9.997014639521794e-06,3.1148870383096936e-05,1.6833615224221468e-05
2282,32,0.00011990202291841524,7,1.667989627366827e-05,3.1132442655225726e-05,2.0374199936559444e-05
1641,32,0.00022267518541991402,13,1.680068082737246e-05,3.11258710226228e-05,1.2150520725511283e-05
703,64,0.00029119062708757987,17,1.2473517898395824e-05,3.109976330754165e-05,2.0620417422163298e-05
2405,32,0.00017128860416916464,10,1.0276210984767e-05,3.095085128771543e-05,9.145540016670781e-06
750,64,0.00018841746458608108,11,1.778995056345387e-05,3.0876595006810844e-05,1.804588912265629e-05
2034,32,0.00015415974375224817,9,2.094208497378395e-05,3.086524234837613e-05,1.590101366794027e-05
1356,32,0.00029119062708757987,17,1.498781746921366e-05,3.065888009988975e-05,1.2183045436780525e-05
12,512,0.00015415974375224817,9,1.8338567980150796e-05,3.054408607220884e-05,2.1004794688638158e-05
930,64,0.00010277316250149878,6,1.3504377286870042e-05,3.051541240451129e-05,9.880854675653457e-06
1949,32,5.138658125074939e-05,3,1.6612338761676794e-05,3.041294499336907e-05,1.378728258705946e-05
1026,64,0.0002740617666706634,16,1.4531172873114975e-05,3.0275793634822568e-05,1.7110245770269998e-05
1585,32,0.00015415974375224817,9,1.94128695969526e-05,3.026690836737476e-05,1.942241097527343e-05
1589,32,0.00029119062708757987,17,1.1553472020821234e-05,3.021233300801251e-05,1.851402936378128e-05
1665,32,0.00017128860416916464,10,1.605664626695774e-05,3.018744864156877e-05,1.4382795251589292e-05
2052,32,0.00022267518541991402,13,7.571444772717984e-06,3.0140443830579276e-05,1.0893792406599232e-05
1601,32,8.564430208458232e-05,5,1.681153498112311e-05,3.0043146226481034e-05,1.2712185642697666e-05
2352,32,0.00025693290625374693,15,1.6507299179547377e-05,3.0015600002302267e-05,1.0565715219307178e-05
1603,32,0.00015415974375224817,9,1.64874143442501e-05,3.0004482047449154e-05,1.9657684794490144e-05
1373,32,0.00025693290625374693,15,1.6155255692126977e-05,2.9986543526311873e-05,1.6163510610252723e-05
1163,64,0.00017128860416916464,10,1.7237189141766893e-05,2.9914971235092766e-05,1.552976971999365e-05
1887,32,0.00030831948750449634,18,1.3330131317405657e-05,2.9848474131753318e-05,9.9859708680419e-06
877,64,0.00018841746458608108,11,1.669909157834831e-05,2.9701523259928072e-05,2.253053517828489e-05
1882,32,0.00022267518541991402,13,1.7335119271439285e-05,2.968310974787863e-05,2.0382601336869617e-05
1738,32,0.00029119062708757987,17,1.6836601738552523e-05,2.963672896313737e-05,1.4649274370407768e-05
1424,32,0.00020554632500299755,12,1.68430688255372e-05,2.9365927831942286e-05,1.109642525276764e-05
764,64,0.00020554632500299755,12,1.4202423868855441e-05,2.9046518643145096e-05,1.0272416460642914e-05
1880,32,0.00018841746458608108,11,1.4131960769536915e-05,2.897007718746278e-05,1.6012967099421573e-05
2010,32,0.00015415974375224817,9,1.2285240918877243e-05,2.8888459427283142e-05,1.106244105416823e-05
502,128,0.00011990202291841524,7,1.5114490812838122e-05,2.8867244159206355e-05,1.2288751565173274e-05
1920,32,6.851544166766585e-05,4,1.8982305851970302e-05,2.8790360876696653e-05,1.3494652480387789e-05
1495,32,0.00017128860416916464,10,1.598902988388099e-05,2.8684561354897894e-05,1.0875165457389099e-05
686,64,0.00022267518541991402,13,1.530604226516388e-05,2.836505883289069e-05,9.856237271276342e-06
632,64,8.564430208458232e-05,5,1.5029001561341752e-05,2.8240393413853416e-05,1.5073409477107354e-05
1960,32,0.00017128860416916464,10,1.2793551838019612e-05,2.8048263989200952e-05,1.2792092172021508e-05
1321,32,8.564430208458232e-05,5,1.060353911949477e-05,2.8002174303905863e-05,1.016620449779625e-05
496,128,0.0002398040458368305,14,1.6111184568613304e-05,2.797112771210167e-05,1.5564588655195178e-05
2114,32,0.00015415974375224817,9,1.5966570047988274e-05,2.7970592450541562e-05,1.6699696611793298e-05
2113,32,0.0004110926500059951,24,1.354036167302526e-05,2.7861023081778008e-05,1.872796729604958e-05
1804,32,0.00017128860416916464,10,1.7399555614094613e-05,2.779645626776626e-05,1.5202113550933368e-05
2125,32,0.00015415974375224817,9,1.3585875422082538e-05,2.7768789028518963e-05,1.2411235633819126e-05
1483,32,0.0002398040458368305,14,1.637974064796206e-05,2.7733907720969357e-05,1.039051374647719e-05
1563,32,0.00011990202291841524,7,1.6309035689685683e-05,2.761396067133227e-05,1.392878310101832e-05
2082,32,0.00015415974375224817,9,8.441085705337058e-06,2.7538265339875614e-05,1.2395577380003823e-05
848,64,0.00015415974375224817,9,1.7850174803908748e-05,2.753758987545507e-05,1.58970767965183e-05
610,64,0.00010277316250149878,6,1.4826298230672159e-05,2.7516881679466332e-05,1.3361444813205324e-05
1209,32,0.00015415974375224817,9,1.5076820924412308e-05,2.7497828912762375e-05,1.9363265609192342e-05
1595,32,0.0002398040458368305,14,1.8755293842356906e-05,2.7477128094090454e-05,2.2065602945494476e-05
488,128,0.00017128860416916464,10,1.4495348433049446e-05,2.7435559282686617e-05,1.4409195864074605e-05
2228,32,0.00018841746458608108,11,1.715258755086801e-05,2.717944997641103e-05,1.5932953420383454e-05
2179,32,0.00010277316250149878,6,1.2974993792651554e-05,2.711669066847128e-05,1.1234712934357618e-05
2090,32,6.851544166766585e-05,4,2.0275211441837663e-05,2.694591363523388e-05,3.22169346137269e-05
1444,32,0.00010277316250149878,6,1.69857190166233e-05,2.6914151917471025e-05,6.165967726212906e-06
2265,32,0.00022267518541991402,13,1.6267361916599488e-05,2.6696951798363828e-05,1.515123070912735e-05
416,128,0.00022267518541991402,13,1.5573482668531924e-05,2.6378529884065883e-05,1.1415730865307844e-05
1029,64,0.00017128860416916464,10,1.1092545350893611e-05,2.6339100765266367e-05,1.571972702041265e-05
1789,32,0.00017128860416916464,10,1.4627759068945518e-05,2.6316943366454713e-05,1.3588450161057066e-05
1131,64,0.00017128860416916464,10,1.3822517639886491e-05,2.6151256681821442e-05,8.712774929559496e-06
1957,32,0.00029119062708757987,17,1.1042270139598669e-05,2.5946752248139233e-05,1.0748798679230207e-05
1257,32,0.00018841746458608108,11,1.2881051457953705e-05,2.594088904099621e-05,9.363101143273486e-06
1500,32,0.0002398040458368305,14,1.3111289920175686e-05,2.5925596472369628e-05,8.840707910854985e-06
1452,32,0.00017128860416916464,10,1.321865968635023e-05,2.5924419891859934e-05,1.5168614282639234e-05
2431,32,0.00017128860416916464,10,1.1581426578546461e-05,2.5924338267602298e-05,1.0455511482933872e-05
1750,32,0.00020554632500299755,12,1.0503728803310322e-05,2.5845498507136213e-05,1.345079266680522e-05
1797,32,0.00018841746458608108,11,1.1125487034842051e-05,2.5806844412693377e-05,8.752695625608883e-06
1813,32,0.00018841746458608108,11,1.333309901098384e-05,2.574119177524322e-05,1.0890375637542151e-05
1372,32,6.851544166766585e-05,4,1.6882251138050546e-05,2.5626296563262837e-05,1.3069131306118188e-05
2443,32,0.00017128860416916464,10,1.266571140671554e-05,2.558085770621103e-05,1.6195945885457453e-05
476,128,0.00020554632500299755,12,8.811543777576606e-06,2.55498488808544e-05,1.235933760079452e-05
694,64,0.00020554632500299755,12,1.4097180924327622e-05,2.5540562666389826e-05,9.188405364515464e-06
1699,32,0.00011990202291841524,7,1.5200384887593968e-05,2.5506487855236534e-05,1.53518044328447e-05
1343,32,0.0002398040458368305,14,1.4806861794468016e-05,2.5320053313076404e-05,1.3243829139557488e-05
590,64,6.851544166766585e-05,4,1.715816491938342e-05,2.527746866545133e-05,2.3702860687140073e-05
1239,32,8.564430208458232e-05,5,1.8609086193975254e-05,2.498546356904101e-05,1.6564292196800226e-05
1611,32,0.0001370308833353317,8,1.0475084044963091e-05,2.4934038188596252e-05,9.569696959144678e-06
1808,32,0.0002398040458368305,14,1.2213430829218943e-05,2.4919395839076703e-05,1.264262442083962e-05
996,64,0.0003254483479214128,19,1.408802601751673e-05,2.4843897123265506e-05,9.667668195204599e-06
2067,32,0.00018841746458608108,11,1.7797608279214117e-05,2.4839384641918153e-05,1.3599378232285693e-05
2120,32,0.00015415974375224817,9,9.517282154636007e-06,2.4817939594111134e-05,1.0187690185047929e-05
1987,32,0.00020554632500299755,12,1.0615887192439466e-05,2.4813027925473963e-05,1.6299332342498873e-05
894,64,0.00011990202291841524,7,1.4175319623747852e-05,2.4698217315750664e-05,1.093589509759242e-05
529,128,0.00011990202291841524,7,1.1941878791662456e-05,2.4694141585095273e-05,1.1578813955588269e-05
2074,32,0.0003425772083383293,20,1.2672316292941951e-05,2.467528666922973e-05,1.3783167941040077e-05
100,256,0.0001370308833353317,8,1.0399222819356046e-05,2.4632210567093263e-05,1.3835188565793523e-05
1028,64,0.0002398040458368305,14,1.3856621290763847e-05,2.4585837159668823e-05,9.086698768942625e-06
2253,32,0.0002740617666706634,16,1.2926299026880195e-05,2.4510261760371805e-05,1.310787325321457e-05
669,64,8.564430208458232e-05,5,1.3611535870733435e-05,2.4254414788774978e-05,1.2082585560548763e-05
1590,32,0.00025693290625374693,15,1.0958300136666926e-05,2.4197160786589892e-05,9.090728394547943e-06
739,64,0.0001370308833353317,8,1.0339084857169416e-05,2.4124015096434473e-05,1.09954043336894e-05
903,64,0.00017128860416916464,10,1.1415373708101585e-05,2.41226954365876e-05,6.5145638285490035e-06
70,512,5.138658125074939e-05,3,1.3775575753341007e-05,2.410563420701536e-05,2.5686865215876844e-05
1552,32,0.00010277316250149878,6,1.2644721752705227e-05,2.3917625792146277e-05,7.488018165983433e-06
2275,32,0.0001370308833353317,8,9.881551659276075e-06,2.36646953649192e-05,8.989767712088496e-06
1650,32,0.00015415974375224817,9,1.1094245464053813e-05,2.3611830866240573e-05,1.8617791865782308e-05
191,256,0.00010277316250149878,6,8.315818298114367e-06,2.350529807975923e-05,9.009430169614066e-06
1526,32,0.0019013035062777274,111,1.2302314001114391e-05,2.3472729239543356e-05,1.219398834382893e-05
806,64,0.00015415974375224817,9,1.5202579938059172e-05,2.3441685845704483e-05,1.2852312557556117e-05
1254,32,5.138658125074939e-05,3,1.6737768094693727e-05,2.3418707737317324e-05,1.5002869397431928e-05
1204,32,0.00011990202291841524,7,1.5388502214548755e-05,2.3414401279386418e-05,1.2843182217586576e-05
1081,64,0.00015415974375224817,9,1.5903719874611514e-05,2.3401791076081986e-05,1.8004731074570526e-05
1605,32,0.00017128860416916464,10,1.1515703670409585e-05,2.330851431269474e-05,1.1720764508556685e-05
646,64,0.0001370308833353317,8,1.2432707678497607e-05,2.3293199409072288e-05,1.1857218980540071e-05
2094,32,0.0001370308833353317,8,1.1853304212894316e-05,2.3276186368945682e-05,1.127417608734409e-05
791,64,0.00017128860416916464,10,1.4428852508511223e-05,2.323035387451212e-05,1.1921643218442659e-05
85,256,0.00010277316250149878,6,1.5354125763255444e-05,2.316864404065103e-05,1.664836087229073e-05
1272,32,0.0001370308833353317,8,1.3287272943991519e-05,2.3149199870064904e-05,1.351704978250252e-05
1730,32,0.00017128860416916464,10,1.2857729297215082e-05,2.3148493001286532e-05,1.1891278755676873e-05
1513,32,0.0002740617666706634,16,1.1100723999346083e-05,2.3099984638984168e-05,9.281995535137798e-06
1196,64,0.0001370308833353317,8,1.328371772642618e-05,2.3096142207512907e-05,1.4238636388442342e-05
2155,32,8.564430208458232e-05,5,1.104427340917639e-05,2.3089826412135395e-05,1.2138719963505898e-05
592,64,0.00017128860416916464,10,1.1348529572515955e-05,2.299824006952646e-05,1.073350888974918e-05
2246,32,5.138658125074939e-05,3,1.6016316204378477e-05,2.296148681859575e-05,1.5686359609056094e-05
395,128,8.564430208458232e-05,5,8.822779961662758e-06,2.293647270613055e-05,1.9471868251133337e-05
1464,32,0.00020554632500299755,12,1.2085184055977928e-05,2.2754049123137787e-05,1.118535305804742e-05
2460,32,0.00018841746458608108,11,1.2641514688758316e-05,2.2745130420877982e-05,1.580995300139939e-05
1793,32,0.00018841746458608108,11,1.3838927013709353e-05,2.2739633575349025e-05,1.123632880718073e-05
2089,32,0.00018841746458608108,11,1.0515997075497113e-05,2.271576970248078e-05,7.332831841186846e-06
467,128,0.00018841746458608108,11,1.1993785732559925e-05,2.26325861364174e-05,9.3118572008046e-06
1999,32,0.00010277316250149878,6,1.1936734712037498e-05,2.2394695553954547e-05,1.3046900420424868e-05
1936,32,0.00015415974375224817,9,1.1777963912800873e-05,2.2385330016413733e-05,1.037666093216626e-05
1784,32,0.0001370308833353317,8,6.232113148925528e-06,2.2281389443089392e-05,9.001728764757448e-06
1440,32,0.00011990202291841524,7,1.248157353796173e-05,2.2134241075755213e-05,9.389384562354059e-06
2131,32,0.00017128860416916464,10,8.814362991718065e-06,2.2127521355361487e-05,8.012304985009273e-06
1400,32,3.4257720833832925e-05,2,1.655885538252233e-05,2.1917941666117817e-05,1.9955432104024238e-05
2414,32,0.00022267518541991402,13,5.314544869206167e-06,2.1884396938866497e-05,7.444789305458729e-06
2223,32,0.0001370308833353317,8,1.2121959047754802e-05,2.181722897346929e-05,1.2199384236768233e-05
884,64,0.00025693290625374693,15,1.2059679737580063e-05,2.176326308876706e-05,9.428553091912256e-06
2285,32,0.00025693290625374693,15,9.798348763941763e-06,2.1762595509276876e-05,9.359054403832196e-06
1329,32,0.00020554632500299755,12,9.942586087837092e-06,2.1751629973850123e-05,1.0279182845136717e-05
2013,32,0.00022267518541991402,13,1.1159752348297491e-05,2.1642091472220065e-05,9.574053393930936e-06
1427,32,0.00020554632500299755,12,1.2071873278711665e-05,2.162829182886286e-05,1.1584754511352817e-05
1375,32,0.0002398040458368305,14,1.0928664189224158e-05,2.1583629823576484e-05,7.035661616327584e-06
1873,32,0.00017128860416916464,10,8.83280522380523e-06,2.141790307131426e-05,8.14227064590113e-06
721,64,0.0001370308833353317,8,1.1910531297906758e-05,2.1339684156051548e-05,9.384724672838635e-06
1547,32,0.00010277316250149878,6,1.208593247044244e-05,2.1276491413828315e-05,9.341710877462216e-06
1059,64,0.00015415974375224817,9,1.3929280132885833e-05,2.1198964748073952e-05,1.3211294933363589e-05
2027,32,0.00030831948750449634,18,3.378053924532356e-06,2.1124603628052385e-05,1.269555992752697e-05
807,64,0.0001370308833353317,8,1.0995723077289181e-05,2.1010063339460915e-05,7.258037409927223e-06
1778,32,6.851544166766585e-05,4,1.0017227853725463e-05,2.096278895183945e-05,8.272899471127512e-06
2354,32,0.00011990202291841524,7,9.735544757083751e-06,2.0892654763627132e-05,1.0023168562633958e-05
1523,32,8.564430208458232e-05,5,1.0959590600938102e-05,2.0839414495563447e-05,8.857086604840648e-06
779,64,0.00020554632500299755,12,1.2709933456778577e-05,2.0747608593176932e-05,1.0481431810480275e-05
2371,32,5.138658125074939e-05,3,1.0680727828731457e-05,2.0745900439765538e-05,1.289407378859752e-05
1302,32,0.00017128860416916464,10,1.119806565825078e-05,2.0628480899479235e-05,9.202363618433274e-06
69,512,8.564430208458232e-05,5,1.1376046878751121e-05,2.0564961795589083e-05,7.029429640395634e-06
249,128,0.00010277316250149878,6,8.439229519352802e-06,2.0323440084252262e-05,8.65211818587451e-06
2187,32,0.00015415974375224817,9,1.0573910105006059e-05,2.030954121936795e-05,8.535492077358285e-06
208,256,0.0001370308833353317,8,1.0559680199251887e-05,2.029238063290499e-05,6.879763389135632e-06
275,128,0.00010277316250149878,6,1.3794151501425168e-05,2.027841895930502e-05,1.5168092827502818e-05
992,64,6.851544166766585e-05,4,1.2138922567363193e-05,2.02735233989376e-05,1.201228983480131e-05
1213,32,0.00015415974375224817,9,1.0371941150605921e-05,2.013536662716793e-05,6.981109968815218e-06
2334,32,0.00020554632500299755,12,9.852381783099719e-06,2.0130885482496604e-05,7.701894177049534e-06
2406,32,0.0001370308833353317,8,8.487949049776443e-06,2.0108953464097817e-05,5.5914930836563575e-06
1420,32,6.851544166766585e-05,4,9.846919585212758e-06,2.0073596218090766e-05,1.3845269623380353e-05
2124,32,0.00029119062708757987,17,1.3211998234173982e-05,2.0016795277912812e-05,1.0666673425939496e-05
1198,64,0.00017128860416916464,10,1.166430471300011e-05,1.9973332864950057e-05,9.017653412466964e-06
2433,32,0.00017128860416916464,10,8.877602865389625e-06,1.980467813009292e-05,9.737671058679157e-06
1465,32,0.00015415974375224817,9,1.1431322424934627e-05,1.9803626490196485e-05,1.1957151377973539e-05
1620,32,0.00020554632500299755,12,7.3259078332865355e-06,1.9663825507401326e-05,1.2330376600198626e-05
547,128,0.00010277316250149878,6,1.1882921869207027e-05,1.9662528740925218e-05,1.34933205874887e-05
1990,32,0.0001370308833353317,8,1.0415286043193774e-05,1.9646342366373016e-05,1.2039257666938925e-05
1324,32,0.00011990202291841524,7,1.0427950115909217e-05,1.9640270157814093e-05,9.301310636669658e-06
2212,32,0.00010277316250149878,6,1.1842160476703618e-05,1.954116741227694e-05,1.0059601966839092e-05
1613,32,0.0001370308833353317,8,9.332300896647125e-06,1.952505883796035e-05,1.1279803157451004e-05
758,64,8.564430208458232e-05,5,1.2872119149058944e-05,1.9522240466049715e-05,8.312274106913146e-06
1639,32,0.00011990202291841524,7,1.1987172798300097e-05,1.935993936069946e-05,1.0664997456879543e-05
1645,32,0.00010277316250149878,6,1.0116439657844625e-05,1.934028605333383e-05,1.0144604565160795e-05
159,256,0.00011990202291841524,7,1.2044692949777361e-05,1.932268418149793e-05,5.746523507915831e-06
1981,32,0.00010277316250149878,6,1.2651342864213676e-05,1.9314025242008267e-05,1.1363559393767506e-05
1879,32,0.0001370308833353317,8,1.1856566772378688e-05,1.9285364433853794e-05,1.1498464533972353e-05
1007,64,0.00011990202291841524,7,1.1433079445428045e-05,1.9262552958072187e-05,1.0974939401886351e-05
636,64,0.00022267518541991402,13,1.0731991590579366e-05,1.925244210848738e-05,1.073727224908024e-05
2341,32,0.0001370308833353317,8,1.0927815886620813e-05,1.9221429763676853e-05,7.191097374326354e-06
2107,32,0.00015415974375224817,9,9.06340067413703e-06,1.9192891459590637e-05,6.020553337947979e-06
1944,32,0.00011990202291841524,7,1.0137730367328948e-05,1.9174859266834314e-05,1.0682107196253832e-05
1818,32,6.851544166766585e-05,4,8.71359855046353e-06,1.9119393214909504e-05,7.938786549108418e-06
1150,64,6.851544166766585e-05,4,1.019630570611872e-05,1.90971491833866e-05,7.52145301172425e-06
2356,32,0.0001370308833353317,8,9.991173525226236e-06,1.9094883196532907e-05,1.0840812054259671e-05
2031,32,5.138658125074939e-05,3,8.656271909124136e-06,1.908577593276251e-05,1.5015733795190846e-05
706,64,0.0001370308833353317,8,9.93404450338727e-06,1.896384391112886e-05,7.103544163582628e-06
1612,32,0.0001370308833353317,8,1.0937554616440163e-05,1.8915121132866146e-05,9.436296866593957e-06
1394,32,8.564430208458232e-05,5,1.08771133973353e-05,1.8857296505377494e-05,1.7053552902389475e-05
2087,32,0.00025693290625374693,15,9.931671678324654e-06,1.8727723140202364e-05,1.363183484554691e-05
1536,32,5.138658125074939e-05,3,6.858999622445792e-06,1.8680707906214795e-05,6.901216814062668e-06
647,64,0.00011990202291841524,7,8.997847618588857e-06,1.8606282014705206e-05,8.260978159312568e-06
1498,32,0.00011990202291841524,7,6.9783656548253905e-06,1.8377163264983866e-05,6.468173847261214e-06
597,64,0.00010277316250149878,6,9.82959045437371e-06,1.829682442020409e-05,7.617177217711268e-06
2381,32,3.4257720833832925e-05,2,1.257011226828449e-05,1.8029465991736005e-05,1.3488274341321297e-05
333,128,0.00010277316250149878,6,8.541961796504536e-06,1.7741084240792007e-05,1.1443606228469951e-05
281,128,0.0001370308833353317,8,6.980710464117369e-06,1.772940709886048e-05,1.2567087318013463e-05
1330,32,0.00015415974375224817,9,6.257800748721866e-06,1.7601549873549813e-05,7.914465197503073e-06
2462,32,0.00017128860416916464,10,9.567911938833118e-06,1.756906213305758e-05,5.426948234410564e-06
951,64,8.564430208458232e-05,5,9.344479898675344e-06,1.753268857705665e-05,1.0617531243748656e-05
1411,32,0.00018841746458608108,11,1.13379867348837e-05,1.739777552350532e-05,1.1383068350011117e-05
1744,32,8.564430208458232e-05,5,8.292099995463711e-06,1.737941947330889e-05,7.459591025183586e-06
415,128,0.0001370308833353317,8,9.928000537173129e-06,1.725834565697108e-05,6.959093790934307e-06
2084,32,0.00018841746458608108,11,5.426522800528345e-06,1.7245850377372667e-05,1.0714760089005946e-05
2001,32,3.4257720833832925e-05,2,9.956451874716457e-06,1.7158360002279015e-05,8.205318068680445e-06
1754,32,0.00015415974375224817,9,7.0289963451241815e-06,1.710017138203949e-05,9.853883423301047e-06
2403,32,8.564430208458232e-05,5,9.587904038702632e-06,1.7089500194785577e-05,1.4558087436683343e-05
1422,32,0.00010277316250149878,6,6.809626901187117e-06,1.7064591733619025e-05,1.1152485916914735e-05
2252,32,0.00010277316250149878,6,7.896618912320096e-06,1.705680599094516e-05,4.633471776340524e-06
1332,32,0.00010277316250149878,6,1.0168081174759541e-05,1.6947228707640455e-05,9.537761316064046e-06
838,64,0.00017128860416916464,10,9.769528394155357e-06,1.6800965415278965e-05,7.179152963299543e-06
757,64,0.0001370308833353317,8,9.219351889134328e-06,1.6793670670264303e-05,5.124550760001625e-06
124,256,6.851544166766585e-05,4,8.46882144748257e-06,1.671236072693683e-05,9.732261835835546e-06
1317,32,0.00011990202291841524,7,1.0119505121070389e-05,1.6707541511646204e-05,8.92819889410862e-06
1232,32,0.00015415974375224817,9,8.984611004468984e-06,1.6694425792935252e-05,1.581736141636316e-05
1890,32,0.00018841746458608108,11,1.023371624527184e-05,1.6661830032281173e-05,5.465724128414995e-06
1398,32,0.00018841746458608108,11,8.261109939678173e-06,1.6612562212437435e-05,7.4057201025115625e-06
1718,32,3.4257720833832925e-05,2,8.12981220721929e-06,1.6560184955077794e-05,7.80882614615871e-06
1654,32,6.851544166766585e-05,4,1.0608010131476691e-05,1.634411958912439e-05,7.12216197520398e-06
1471,32,0.0019526900875284766,114,9.436131054472974e-06,1.6261968250969557e-05,9.65377796272284e-06
1336,32,0.00010277316250149878,6,8.466355568329715e-06,1.618744148818885e-05,6.227762125225364e-06
923,64,0.00010277316250149878,6,7.97391871472767e-06,1.617250682095063e-05,6.577770623128209e-06
523,128,5.138658125074939e-05,3,7.487250595763666e-06,1.612777713385859e-05,5.654397087130165e-06
1419,32,6.851544166766585e-05,4,7.754605838335691e-06,1.6095964113287036e-05,6.567253258438987e-06
1190,64,6.851544166766585e-05,4,8.86782755969115e-06,1.6092723237704535e-05,6.746161988867785e-06
1703,32,0.00020554632500299755,12,8.85709914988223e-06,1.592735917531842e-05,1.0590731972047697e-05
2273,32,0.0002398040458368305,14,2.3750304534873836e-06,1.574932095032152e-05,9.497348109084053e-06
1259,32,5.138658125074939e-05,3,6.46404559695462e-06,1.5738692165718856e-05,7.267214509848302e-06
1316,32,6.851544166766585e-05,4,8.092783915355594e-06,1.5711895991310476e-05,6.931342321224581e-06
953,64,0.00010277316250149878,6,6.8232155740960435e-06,1.5446264125704927e-05,9.63096385383485e-06
1576,32,0.00010277316250149878,6,8.446575272918632e-06,1.540920441155816e-05,4.554578447363972e-06
1909,32,0.00015415974375224817,9,8.431767784771805e-06,1.536339993739215e-05,5.479449348294848e-06
1929,32,0.00010277316250149878,6,5.42916602994226e-06,1.529412693247512e-05,6.167687685871371e-06
1020,64,8.564430208458232e-05,5,8.390901935335172e-06,1.52604376368869e-05,6.650052932144259e-06
1521,32,8.564430208458232e-05,5,7.352576537011463e-06,1.5207349246795131e-05,6.124226505980458e-06
872,64,6.851544166766585e-05,4,8.490975429390964e-06,1.515703689364455e-05,8.489565484127355e-06
392,128,5.138658125074939e-05,3,8.844577245796734e-06,1.51267254616135e-05,1.0181541251420742e-05
1208,32,3.4257720833832925e-05,2,8.823021724905642e-06,1.5063169674184677e-05,8.723834781153727e-06
54,512,3.4257720833832925e-05,2,6.965905531560142e-06,1.4945637105282913e-05,1.1599004861823792e-05
241,128,8.564430208458232e-05,5,7.762573649848517e-06,1.4846882514954105e-05,9.856734274429366e-06
818,64,0.00010277316250149878,6,6.9764374417337436e-06,1.4807017322280684e-05,6.174926621534807e-06
280,128,5.138658125074939e-05,3,8.177378129821073e-06,1.4683235827625406e-05,4.50213527293929e-06
2091,32,0.00020554632500299755,12,7.756095150449358e-06,1.4507166212548552e-05,5.7870393213397e-06
1548,32,3.4257720833832925e-05,2,6.746815760373616e-06,1.4320595629959034e-05,7.255131554598268e-06
1423,32,0.00010277316250149878,6,7.663234136440316e-06,1.4281266003413846e-05,4.81677139894345e-06
1758,32,3.4257720833832925e-05,2,9.140619093299257e-06,1.4018385538572225e-05,7.246566519981702e-06
2167,32,6.851544166766585e-05,4,6.924795162289596e-06,1.3836488249300322e-05,4.6134301344044515e-06
2271,32,6.851544166766585e-05,4,8.018898316844002e-06,1.3720779975788474e-05,6.367519197454025e-06
233,256,8.564430208458232e-05,5,4.252760018191421e-06,1.3641030098081602e-05,8.210503726886765e-06
1931,32,0.0001370308833353317,8,5.577787057817747e-06,1.3587171218314131e-05,3.193451389926888e-06
1877,32,0.0001370308833353317,8,7.505771760793043e-06,1.3527889536913104e-05,4.476329471540566e-06
2188,32,6.851544166766585e-05,4,8.793006328240963e-06,1.3507595824302265e-05,7.025943777894878e-06
1474,32,0.00011990202291841524,7,5.854941263637416e-06,1.3481122492106912e-05,4.734440703049068e-06
740,64,8.564430208458232e-05,5,8.130954852487006e-06,1.3405077922533019e-05,6.174870290086639e-06
808,64,6.851544166766585e-05,4,8.64771693096003e-06,1.3333222315275395e-05,1.0706880322500122e-05
268,128,6.851544166766585e-05,4,7.503883866035702e-06,1.3256868710576833e-05,1.0493301691453325e-05
2141,32,0.00025693290625374693,15,7.235227538021742e-07,1.3211615572399773e-05,9.251462792699255e-06
531,128,3.4257720833832925e-05,2,9.245403346184564e-06,1.317032060158166e-05,9.148254952546951e-06
2340,32,8.564430208458232e-05,5,7.714871263228777e-06,1.307770698452633e-05,6.656974987459257e-06
1883,32,5.138658125074939e-05,3,4.887038129437111e-06,1.3066982937782192e-05,2.78601524969981e-05
2478,32,6.851544166766585e-05,4,8.315998184822036e-06,1.3015749841347332e-05,4.751985690280121e-06
2176,32,0.00015415974375224817,9,6.473168968874615e-06,1.3011650083650932e-05,7.298183278625334e-06
2413,32,0.00017128860416916464,10,6.159759583307565e-06,1.3001769622932612e-05,6.110275756116006e-06
2237,32,0.00015415974375224817,9,6.227505124159845e-06,1.2993359143351549e-05,4.0588561647816065e-06
2014,32,0.0001370308833353317,8,6.184808821707647e-06,1.2986541216657801e-05,4.115739007727244e-06
966,64,5.138658125074939e-05,3,6.8607111081392415e-06,1.298289587460464e-05,4.1963572990645e-06
725,64,0.00015415974375224817,9,4.711712303722904e-06,1.2939192649777327e-05,5.896017063852633e-06
1902,32,0.00011990202291841524,7,6.990728480636893e-06,1.2835714207822073e-05,6.941637116712162e-06
1765,32,0.00011990202291841524,7,6.987910249169089e-06,1.283499996172688e-05,7.865896156530451e-06
2151,32,0.00017128860416916464,10,6.968311218761188e-06,1.2828957397798842e-05,3.882110158683392e-06
856,64,0.00011990202291841524,7,6.392080940387736e-06,1.2802540850638442e-05,8.055507160201371e-06
343,128,0.00011990202291841524,7,6.482372843462268e-06,1.2791069935168782e-05,4.84333357829188e-06
1491,32,0.0001370308833353317,8,7.314248474191368e-06,1.2627388527073777e-05,5.00606385044452e-06
1712,32,8.564430208458232e-05,5,5.64945168625126e-06,1.2626154281665655e-05,2.2318464632247154e-06
605,64,0.00011990202291841524,7,7.408268475203374e-06,1.2555681278334173e-05,4.1111995404014235e-06
1534,32,0.0002398040458368305,14,6.285364106617819e-06,1.2431499750366508e-05,7.892112460276653e-06
1250,32,0.00015415974375224817,9,5.2714840394953056e-06,1.224858476362371e-05,5.082073581012282e-06
1840,32,0.0001370308833353317,8,2.8369735812616505e-06,1.215692633989174e-05,9.368667019611945e-06
719,64,5.138658125074939e-05,3,5.737023682652372e-06,1.2092217660585204e-05,4.3760466041864855e-06
2458,32,8.564430208458232e-05,5,4.985411808644347e-06,1.2043782462314766e-05,4.331625645661476e-06
2448,32,0.00010277316250149878,6,4.742150001199907e-06,1.2019804930544244e-05,4.459718049804838e-06
847,64,8.564430208458232e-05,5,4.24231167515965e-06,1.1966145542898973e-05,8.183007394991215e-06
1408,32,3.4257720833832925e-05,2,7.4249569092009886e-06,1.1961138036824981e-05,6.639438167905328e-06
2296,32,5.138658125074939e-05,3,6.718611137727429e-06,1.1951026375058509e-05,4.41045835515937e-06
545,128,3.4257720833832925e-05,2,7.96845083775271e-06,1.1907803149596977e-05,7.456433350159288e-06
1260,32,6.851544166766585e-05,4,5.859502569928047e-06,1.1813624052376595e-05,4.049091732303305e-06
2130,32,6.851544166766585e-05,4,7.686108430899116e-06,1.1805649646669436e-05,8.95364942707642e-06
1333,32,0.00011990202291841524,7,5.940236510468588e-06,1.1805107447724247e-05,4.418061696842512e-06
1662,32,0.00010277316250149878,6,6.266389801413976e-06,1.1800569653381577e-05,4.252441572903284e-06
1225,32,0.00011990202291841524,7,7.02904892454567e-06,1.1715630273225277e-05,6.278447360292952e-06
1261,32,6.851544166766585e-05,4,4.059391709161061e-06,1.171474323548022e-05,4.948457019493772e-06
854,64,6.851544166766585e-05,4,3.2165306165095387e-06,1.1666516158762204e-05,1.895574364709788e-06
2456,32,0.00011990202291841524,7,5.386588883051612e-06,1.1593089115340631e-05,7.573162677695173e-06
995,64,0.0001370308833353317,8,7.0674288935919905e-06,1.1582886489227342e-05,7.853993655896885e-06
634,64,0.00010277316250149878,6,5.667688884118611e-06,1.1510559951965895e-05,4.946858043552713e-06
1866,32,6.851544166766585e-05,4,5.776458676295757e-06,1.1470371307943197e-05,8.072053814809901e-06
1903,32,0.00022267518541991402,13,5.393938988457909e-06,1.1454837656724834e-05,4.870714095078205e-06
245,128,8.564430208458232e-05,5,6.854473861503147e-06,1.141369280415169e-05,4.2264711162385295e-06
1499,32,0.00017128860416916464,10,8.115103286344761e-06,1.1261790737514766e-05,5.038876931764238e-06
384,128,5.138658125074939e-05,3,4.091028568402883e-06,1.1239914218196625e-05,6.857218252064948e-06
1908,32,8.564430208458232e-05,5,5.538368112383712e-06,1.1206848272038586e-05,2.4409410140061924e-06
1529,32,6.851544166766585e-05,4,5.411797655967028e-06,1.1201436028766712e-05,7.037619472344294e-06
883,64,0.00010277316250149878,6,7.236163553820205e-06,1.1123634168790513e-05,3.0064423657099068e-06
1484,32,0.0001370308833353317,8,5.010327582095416e-06,1.1096698975953296e-05,4.716487331961792e-06
1964,32,0.00010277316250149878,6,4.064913307756108e-06,1.1001427900480301e-05,3.685244573142545e-06
2127,32,5.138658125074939e-05,3,5.694392759903156e-06,1.0981749280119351e-05,3.217364408723991e-06
1740,32,8.564430208458232e-05,5,6.784772729888359e-06,1.0972051898685359e-05,3.3617892829052898e-06
1788,32,0.00015415974375224817,9,4.100327749572982e-06,1.0920309361299253e-05,3.560449268824395e-06
1141,64,3.4257720833832925e-05,2,5.9976057641109775e-06,1.0817233219996876e-05,3.685596510692641e-06
1354,32,0.00010277316250149878,6,5.612533370883845e-06,1.0723692903658369e-05,3.1870702900774395e-06
1885,32,0.00010277316250149878,6,4.2097213480905085e-06,1.0662624287224154e-05,2.7313244224168447e-06
1492,32,0.00010277316250149878,6,5.443894071476557e-06,1.0656323787934721e-05,4.657923963923805e-06
1669,32,8.564430208458232e-05,5,4.989902238002431e-06,1.0632910485537133e-05,2.739676816664273e-06
1504,32,8.564430208458232e-05,5,5.875045582923922e-06,1.0595472971551138e-05,3.058516641892464e-06
1775,32,6.851544166766585e-05,4,4.481647088780428e-06,1.0362243093590047e-05,3.40385983919379e-06
468,128,5.138658125074939e-05,3,4.9410048819333965e-06,1.0321658917095037e-05,3.3988728597335226e-06
1156,64,8.564430208458232e-05,5,6.7951767808194745e-06,1.0286018084322249e-05,5.6405117042066995e-06
1676,32,0.00011990202291841524,7,6.108723846414376e-06,1.0180053960372111e-05,4.946000590598591e-06
1862,32,0.00010277316250149878,6,5.658536772184734e-06,1.0137640750760789e-05,4.279331965252163e-06
1295,32,3.4257720833832925e-05,2,4.596760275491297e-06,1.0073501140076292e-05,3.977788625678514e-06
1635,32,0.0001370308833353317,8,5.3092016226888285e-06,9.989735582396105e-06,5.339204461549929e-06
921,64,3.4257720833832925e-05,2,6.617485085330204e-06,9.976330642409093e-06,4.111145557160429e-06
2083,32,8.564430208458232e-05,5,4.7581966982534536e-06,9.948688310066279e-06,5.3246826889585126e-06
1747,32,0.00011990202291841524,7,6.882150941541062e-06,9.891289265771652e-06,6.3718108013031084e-06
1926,32,5.138658125074939e-05,3,3.8192519755592035e-06,9.8908478450351e-06,4.735545126140241e-06
1323,32,0.00010277316250149878,6,4.668411057159685e-06,9.810400303275424e-06,6.0015789306481715e-06
1339,32,6.851544166766585e-05,4,5.808457816685033e-06,9.746809727398487e-06,2.583271006625022e-06
585,64,5.138658125074939e-05,3,5.1674851502420005e-06,9.649311920519087e-06,4.4520290751318445e-06
453,128,6.851544166766585e-05,4,5.90638302022716e-06,9.644252299454733e-06,3.5573635714547556e-06
1748,32,6.851544166766585e-05,4,5.191297578990518e-06,9.612975589511276e-06,4.582400005953022e-06
2322,32,0.00010277316250149878,6,3.3067233269739936e-06,9.476746057157942e-06,2.3543364023885e-06
1950,32,5.138658125074939e-05,3,5.430564601077375e-06,9.4151228560081e-06,5.046594518831158e-06
724,64,5.138658125074939e-05,3,5.784819346697271e-06,9.39235198930989e-06,3.878799646000903e-06
2019,32,8.564430208458232e-05,5,3.1089480089644293e-06,9.332690071524633e-06,3.7126931368889125e-06
940,64,5.138658125074939e-05,3,6.134240384422939e-06,9.327893461957096e-06,4.080413038444221e-06
1121,64,8.564430208458232e-05,5,4.622203393739708e-06,9.326805679976434e-06,5.05694827473798e-06
2230,32,0.00010277316250149878,6,3.1820972977642476e-06,9.301737151339482e-06,3.5101102922189022e-06
38,512,6.851544166766585e-05,4,3.1857776530765296e-06,9.283588951968248e-06,7.658711999904395e-06
2161,32,0.00010277316250149878,6,4.346184555659818e-06,9.278585439120791e-06,3.4923682853012124e-06
1845,32,5.138658125074939e-05,3,4.956017366014052e-06,9.237432938503607e-06,3.765126714292973e-06
1671,32,8.564430208458232e-05,5,5.4329469051121526e-06,9.191699800960763e-06,9.611671494178983e-06
2459,32,0.00010277316250149878,6,5.711777162944745e-06,9.103973622456172e-06,4.03346288212565e-06
1371,32,6.851544166766585e-05,4,4.114327684168119e-06,8.921831325047758e-06,2.6216593698738874e-06
2377,32,5.138658125074939e-05,3,5.093822069884069e-06,8.85268921674289e-06,2.066255283491296e-06
168,256,6.851544166766585e-05,4,4.934849631118435e-06,8.640031358977535e-06,4.746274544146807e-06
2426,32,5.138658125074939e-05,3,4.51780679922992e-06,8.583560232238588e-06,5.152679780586428e-06
1898,32,5.138658125074939e-05,3,4.889545274502437e-06,8.527498174333084e-06,4.190818490918511e-06
1519,32,5.138658125074939e-05,3,2.779855349689885e-06,8.445162445558942e-06,2.932255405436415e-06
2093,32,5.138658125074939e-05,3,5.262036605413901e-06,8.334527870927029e-06,2.792983901612803e-06
2068,32,8.564430208458232e-05,5,3.5676802250501404e-06,8.314104818385561e-06,3.736658301199657e-06
247,128,5.138658125074939e-05,3,4.946346453438825e-06,8.292965015522092e-06,3.8921248028456035e-06
1048,64,0.00010277316250149878,6,3.958145004858312e-06,8.260512131159775e-06,3.501466643710014e-06
1717,32,5.138658125074939e-05,3,4.58091902742242e-06,8.197921215552523e-06,7.507274281572061e-06
613,64,3.4257720833832925e-05,2,5.218297775548739e-06,8.163089586448275e-06,4.758909328082562e-06
1228,32,6.851544166766585e-05,4,3.885112871177248e-06,8.140179836684839e-06,2.1874936282317215e-06
1710,32,3.4257720833832925e-05,2,5.603104406600437e-06,8.128938430218192e-06,5.6864970536649445e-06
1941,32,0.00011990202291841524,7,4.946377133276024e-06,8.021114748657386e-06,4.142548642168554e-06
1281,32,0.00011990202291841524,7,4.251510151423203e-06,8.017353873761951e-06,3.3019414200195275e-06
1794,32,0.00010277316250149878,6,3.034557960675437e-06,7.992499997971668e-06,3.7796864410590274e-06
1224,32,5.138658125074939e-05,3,3.764251573213078e-06,7.978163807100048e-06,2.524765705666593e-06
1064,64,8.564430208458232e-05,5,4.045104068139215e-06,7.960302172494004e-06,4.155240089364361e-06
983,64,5.138658125074939e-05,3,4.994304539400542e-06,7.88072109321046e-06,1.5611047704402652e-06
1159,64,6.851544166766585e-05,4,4.112313790229137e-06,7.864083551741687e-06,8.533524279747076e-06
1047,64,3.4257720833832925e-05,2,3.377270795844817e-06,7.834042305478854e-06,1.7306117898270604e-06
1755,32,3.4257720833832925e-05,2,4.5548603343207296e-06,7.4995247102483e-06,2.6810340945382247e-06
1229,32,6.851544166766585e-05,4,3.1524126234273826e-06,7.3081932540846364e-06,3.4731236810325316e-06
2144,32,5.138658125074939e-05,3,2.6235761450270614e-06,7.227251635143599e-06,5.130543946235644e-06
77,512,3.4257720833832925e-05,2,3.752076348735528e-06,7.224360539132777e-06,3.4134240870105693e-06
2104,32,3.4257720833832925e-05,2,2.1034149983847237e-06,7.000169837045579e-06,3.4002291535680214e-06
1863,32,3.4257720833832925e-05,2,3.5414060743688052e-06,6.897901139684795e-06,3.559394668563681e-06
1630,32,1.7128860416916463e-05,1,3.6146563552200677e-06,6.806270262447732e-06,2.1795070693474963e-06
1684,32,3.4257720833832925e-05,2,3.8595266335302236e-06,6.805541735491545e-06,3.085051714762438e-06
1923,32,1.7128860416916463e-05,1,4.129390514321049e-06,6.776410674151307e-06,2.2503584013313405e-06
1725,32,5.138658125074939e-05,3,2.419332857859882e-06,6.75542511812295e-06,2.1025925388222816e-06
1722,32,5.138658125074939e-05,3,4.332204146917807e-06,6.734417633189558e-06,2.2205734352575347e-06
771,64,6.851544166766585e-05,4,3.0708310423120152e-06,6.612069639178283e-06,2.3557053561225416e-06
619,64,1.7128860416916463e-05,1,2.4919397411124113e-06,6.592826212827764e-06,2.558354563169188e-06
335,128,3.4257720833832925e-05,2,2.7119051319536646e-06,6.142159194076033e-06,1.982632256883897e-06
160,256,3.4257720833832925e-05,2,2.741055571610864e-06,6.1230867319666265e-06,1.520980495038551e-06
1918,32,3.4257720833832925e-05,2,3.4667342093140304e-06,6.001499481451036e-06,2.5883109483666435e-06
229,256,5.138658125074939e-05,3,1.7821671409388122e-06,6.000431327194018e-06,1.4340846802073804e-06
1921,32,5.138658125074939e-05,3,3.812885879030723e-06,5.960687894088989e-06,4.916893439630151e-06
213,256,5.138658125074939e-05,3,2.5171860502471115e-06,5.922097352861673e-06,1.6876639994914023e-06
1397,32,5.138658125074939e-05,3,3.7266517736665888e-06,5.88753861679787e-06,2.1339230591239543e-06
2267,32,5.138658125074939e-05,3,2.8629723695564308e-06,5.866771537638202e-06,2.042633544479644e-06
1182,64,3.4257720833832925e-05,2,2.6554438432436134e-06,5.852241066143418e-06,1.4394041351745953e-06
1197,64,6.851544166766585e-05,4,2.1926975871395987e-06,5.799131965419114e-06,1.9364688520643386e-06
224,256,3.4257720833832925e-05,2,7.278686727041355e-07,5.620166110514208e-06,2.173231026245061e-06
2301,32,8.564430208458232e-05,5,2.0930063371827314e-06,5.446795307438279e-06,1.458749482635808e-06
1240,32,8.564430208458232e-05,5,1.8583357041121546e-06,5.373573407569679e-06,1.9532330093622938e-06
1925,32,5.138658125074939e-05,3,1.520581907609129e-06,5.35899271617509e-06,1.6621284716335251e-06
1094,64,5.138658125074939e-05,3,1.7766321326769855e-06,5.334227537391132e-06,3.1119480286772324e-06
1006,64,5.138658125074939e-05,3,4.74614927239891e-06,5.238905294473054e-06,5.152746245059029e-06
2439,32,8.564430208458232e-05,5,2.000304328066209e-06,5.231155490837998e-06,1.6693431212195116e-06
1583,32,6.851544166766585e-05,4,2.4499357960594595e-06,5.2178649161821085e-06,1.3997346462447676e-06
2345,32,3.4257720833832925e-05,2,2.766741155011912e-06,5.1206413559792666e-06,5.357412000539722e-06
974,64,5.138658125074939e-05,3,3.1153063222709005e-06,5.116608061816029e-06,1.4109313064308342e-06
1932,32,5.138658125074939e-05,3,3.0399400515166003e-06,5.039093714150297e-06,1.9868682694805523e-06
876,64,0.00010277316250149878,6,6.143047284378352e-07,5.024405374843797e-06,2.3705603316546493e-06
945,64,1.7128860416916463e-05,1,2.682700913247399e-06,4.937021700116778e-06,2.5187915603298704e-06
331,128,5.138658125074939e-05,3,3.2300714255543168e-06,4.933996188039904e-06,1.428412943116191e-06
2020,32,0.00011990202291841524,7,2.433215501740062e-06,4.888714758868076e-06,2.181995454279427e-06
665,64,5.138658125074939e-05,3,2.752874978891684e-06,4.664404395348461e-06,1.3978270852523498e-06
1437,32,6.851544166766585e-05,4,5.872144194293395e-07,4.5551047766515e-06,1.8955860546976724e-06
1391,32,1.7128860416916463e-05,1,1.8897250316891235e-06,4.50980493802853e-06,2.66784880916428e-06
637,64,1.7128860416916463e-05,1,2.5683171894377128e-06,4.508232554319301e-06,1.593173214846142e-06
971,64,3.4257720833832925e-05,2,2.4553793486709846e-06,4.447370908846812e-06,2.074229182475979e-06
254,128,5.138658125074939e-05,3,1.375180158505502e-06,4.430890795258018e-06,1.2987198274003804e-06
1303,32,3.4257720833832925e-05,2,1.331941445720267e-06,4.30271580386975e-06,9.164659272619591e-07
2024,32,5.138658125074939e-05,3,1.3785495295112702e-06,4.287296264175739e-06,1.958064956101143e-06
1724,32,1.7128860416916463e-05,1,5.938181522904074e-07,4.267668134441816e-06,1.3518269318793166e-06
2329,32,1.7128860416916463e-05,1,3.078188109386862e-06,4.233204017542333e-06,3.837988213713112e-06
912,64,6.851544166766585e-05,4,7.287441276493575e-07,4.191139504593801e-06,2.1812167683615736e-06
859,64,0.00015415974375224817,9,3.996992876517402e-06,4.15493731892482e-06,3.5242783533428476e-06
2101,32,5.138658125074939e-05,3,2.1284635029700636e-06,4.102883919005292e-06,1.28544326823457e-06
1675,32,3.4257720833832925e-05,2,1.7744139957619101e-06,4.097423892378619e-06,1.6839659050053657e-06
935,64,3.4257720833832925e-05,2,2.1417916461217135e-06,4.066529178546341e-06,1.8502067468820622e-06
2348,32,3.4257720833832925e-05,2,1.6270670840413537e-06,4.054308010260875e-06,2.134977097856866e-06
1299,32,5.138658125074939e-05,3,2.425452111871267e-06,3.935506813593711e-06,9.36261926308514e-07
1130,64,1.7128860416916463e-05,1,1.966884515956099e-06,3.906979609323623e-06,8.131743939431197e-07
1176,64,5.138658125074939e-05,3,2.0595955382319484e-06,3.856562484737872e-06,1.6000173709405658e-06
1018,64,5.138658125074939e-05,3,1.0863169079516584e-06,3.834456388734912e-06,1.0393008231642974e-06
1522,32,3.4257720833832925e-05,2,1.840907642283936e-06,3.772579516177435e-06,5.108314387789856e-07
2466,32,3.4257720833832925e-05,2,2.1053445610573955e-06,3.739905447674202e-06,6.930122938077882e-07
1568,32,6.851544166766585e-05,4,1.1496930542112415e-06,3.7354092099602102e-06,1.7364034896760154e-06
623,64,3.4257720833832925e-05,2,1.8399595408757278e-06,3.7344150995985906e-06,1.7054448794474065e-06
2389,32,3.4257720833832925e-05,2,2.4456834225845645e-06,3.730375037254786e-06,2.04788832165363e-06
782,64,3.4257720833832925e-05,2,1.9256611264533425e-06,3.5087045348833606e-06,9.309159008666534e-07
1726,32,1.7128860416916463e-05,1,1.5276726812904776e-06,3.4861306222396386e-06,7.973922977234171e-07
2323,32,5.138658125074939e-05,3,1.8093575486590668e-06,3.3637822221375293e-06,1.0503993691289064e-06
1447,32,1.7128860416916463e-05,1,1.595764104125985e-06,3.1711200063108644e-06,1.0040920600480116e-06
581,64,1.7128860416916463e-05,1,1.7867237827200856e-06,3.146704742462198e-06,7.484968559537087e-07
767,64,3.4257720833832925e-05,2,8.799265729701257e-07,3.0893349367076193e-06,1.499270451905861e-06
1340,32,3.4257720833832925e-05,2,9.104731749357875e-07,3.080404796222654e-06,1.97986908066471e-06
1848,32,3.4257720833832925e-05,2,9.473067825580252e-07,3.027687234744127e-06,4.562115273526532e-07
481,128,3.4257720833832925e-05,2,1.6469044830013331e-06,2.9421762817389784e-06,2.9024886124442107e-06
2165,32,3.4257720833832925e-05,2,8.468227414877707e-07,2.706959942781595e-06,1.269543404320329e-06
2050,32,1.7128860416916463e-05,1,9.884212484291297e-07,2.697858499646489e-06,4.5971086652066416e-07
1844,32,1.7128860416916463e-05,1,1.5114583107589627e-06,2.6486873971030454e-06,5.018994202196217e-07
2136,32,5.138658125074939e-05,3,7.184949710517721e-07,2.640863245004465e-06,9.89227704449206e-07
683,64,1.7128860416916463e-05,1,1.3457892828529516e-06,2.578974595812802e-06,3.462665276762552e-07
2467,32,5.138658125074939e-05,3,1.4093817194123868e-06,2.477593206924297e-06,6.578367374038115e-07
1638,32,1.7128860416916463e-05,1,1.061497098325803e-06,2.317554433610227e-06,4.480677917317638e-07
2394,32,3.4257720833832925e-05,2,1.47560695564491e-06,2.2624533219815667e-06,6.107933929940477e-07
425,128,1.7128860416916463e-05,1,1.464969577149941e-06,2.0628833657050366e-06,7.662262795438289e-07
904,64,3.4257720833832925e-05,2,6.920692078638142e-07,2.0529999269872677e-06,1.0783430855389487e-06
1431,32,3.4257720833832925e-05,2,8.733197389441496e-07,2.0249511654014317e-06,1.9474474352711823e-06
1193,64,3.4257720833832925e-05,2,7.27917219335044e-07,2.0025237838669758e-06,5.781908846001952e-07
1106,64,1.7128860416916463e-05,1,6.9535948002143e-07,1.990054358718327e-06,5.318259933955728e-07
359,128,3.4257720833832925e-05,2,8.889718574301128e-07,1.967851545415071e-06,6.58830207706047e-07
334,128,1.7128860416916463e-05,1,4.748382723708594e-07,1.9592753807737376e-06,6.942857367674556e-07
1770,32,1.7128860416916463e-05,1,1.1901001864813723e-06,1.8716558687948758e-06,4.814018687560579e-07
714,64,1.7128860416916463e-05,1,7.088380360521247e-07,1.786343629571162e-06,7.683404317195136e-07
2259,32,3.4257720833832925e-05,2,5.509721261069218e-07,1.7803432314080528e-06,3.5793053213778706e-07
2283,32,1.7128860416916463e-05,1,7.735977612926006e-07,1.77399481340021e-06,3.6834253379210313e-07
2234,32,3.4257720833832925e-05,2,8.028413890409918e-07,1.7344829197523646e-06,3.757010493534397e-07
1900,32,1.7128860416916463e-05,1,1.0069704515626354e-06,1.7233494657657536e-06,5.296038236899173e-07
2294,32,1.7128860416916463e-05,1,2.493454921790972e-07,1.6742884138383227e-06,2.028833641402084e-07
2270,32,1.7128860416916463e-05,1,5.061907943527862e-07,1.669293496580185e-06,6.488701848846057e-07
1561,32,5.138658125074939e-05,3,2.3954911961654065e-07,1.5949149315732082e-06,4.758700860885956e-07
816,64,1.7128860416916463e-05,1,1.0982528194894616e-06,1.5839564858155977e-06,5.0301358326576574e-06
2171,32,3.4257720833832925e-05,2,7.301168130706477e-07,1.528492532026763e-06,4.2314478861023914e-07
1820,32,1.7128860416916463e-05,1,4.4270890219843225e-07,1.386700164383948e-06,7.152582897037889e-07
357,128,1.7128860416916463e-05,1,-1.4800851909162877e-09,1.3669060788625324e-06,4.62722748508291e-07
2150,32,3.4257720833832925e-05,2,6.698508034020994e-07,1.3349526862260293e-06,2.849630571069589e-07
1727,32,1.7128860416916463e-05,1,7.666438903228035e-07,1.186572780755954e-06,6.444775060311069e-07
1737,32,1.7128860416916463e-05,1,1.4984251994194434e-07,1.1639532505752131e-06,3.4896216741521936e-07
550,128,1.7128860416916463e-05,1,6.616393271090591e-07,1.1547910291786192e-06,4.4286544083532073e-07
1390,32,1.7128860416916463e-05,1,6.727362140142522e-07,1.1395431305437772e-06,3.079764317927937e-07
1258,32,1.7128860416916463e-05,1,-1.6733469803558997e-07,1.0610235727002968e-06,3.2697005865783424e-07
1167,64,1.7128860416916463e-05,1,2.2595669468093497e-07,1.0518731279378887e-06,6.180850867469097e-07
1200,32,1.7128860416916463e-05,1,5.026457417168693e-07,9.50300131857544e-07,2.270860036633467e-07
1994,32,1.7128860416916463e-05,1,3.1080588105464834e-07,9.38147931332051e-07,1.6256860319355716e-07
1867,32,3.4257720833832925e-05,2,4.569508026331314e-07,9.214668535417838e-07,8.844815716444777e-07
1970,32,1.7128860416916463e-05,1,4.5553635398035696e-07,7.859919902420737e-07,5.441798602862295e-07
1501,32,3.4257720833832925e-05,2,-6.660750904593895e-07,7.691461918572673e-07,1.0676875339623776e-06
2022,32,1.7128860416916463e-05,1,1.1454452495307378e-08,6.02839068111457e-07,5.19931047863347e-07
444,128,1.7128860416916463e-05,1,-4.969995286166938e-07,4.4723203175057926e-07,3.664835194305939e-07
1939,32,1.7128860416916463e-05,1,-9.014219848623796e-08,4.3978111096934296e-07,1.6500911788034145e-07
1846,32,1.7128860416916463e-05,1,2.627226764889812e-07,3.2551307244116243e-07,1.5663445395075346e-07
2206,32,1.7128860416916463e-05,1,3.094285809755452e-07,3.076201349999972e-07,1.6346015619967403e-07
1587,32,1.7128860416916463e-05,1,2.265664564452602e-07,2.9348353777328515e-07,9.898524679392498e-08
10,512,0.0,0,0.0,0.0,0.0
43,512,0.0,0,0.0,0.0,0.0
56,512,0.0,0,0.0,0.0,0.0
64,512,0.0,0,0.0,0.0,0.0
109,256,0.0,0,0.0,0.0,0.0
131,256,0.0,0,0.0,0.0,0.0
140,256,0.0,0,0.0,0.0,0.0
175,256,0.0,0,0.0,0.0,0.0
186,256,0.0,0,0.0,0.0,0.0
194,256,0.0,0,0.0,0.0,0.0
230,256,0.0,0,0.0,0.0,0.0
246,128,0.0,0,0.0,0.0,0.0
282,128,0.0,0,0.0,0.0,0.0
315,128,0.0,0,0.0,0.0,0.0
344,128,0.0,0,0.0,0.0,0.0
377,128,0.0,0,0.0,0.0,0.0
411,128,0.0,0,0.0,0.0,0.0
431,128,0.0,0,0.0,0.0,0.0
441,128,0.0,0,0.0,0.0,0.0
447,128,0.0,0,0.0,0.0,0.0
486,128,0.0,0,0.0,0.0,0.0
487,128,0.0,0,0.0,0.0,0.0
489,128,0.0,0,0.0,0.0,0.0
575,64,0.0,0,0.0,0.0,0.0
609,64,0.0,0,0.0,0.0,0.0
616,64,0.0,0,0.0,0.0,0.0
643,64,0.0,0,0.0,0.0,0.0
653,64,0.0,0,0.0,0.0,0.0
704,64,0.0,0,0.0,0.0,0.0
711,64,0.0,0,0.0,0.0,0.0
802,64,0.0,0,0.0,0.0,0.0
839,64,0.0,0,0.0,0.0,0.0
991,64,0.0,0,0.0,0.0,0.0
1063,64,0.0,0,0.0,0.0,0.0
1086,64,0.0,0,0.0,0.0,0.0
1089,64,0.0,0,0.0,0.0,0.0
1110,64,0.0,0,0.0,0.0,0.0
1118,64,0.0,0,0.0,0.0,0.0
1155,64,0.0,0,0.0,0.0,0.0
1185,64,0.0,0,0.0,0.0,0.0
1188,64,0.0,0,0.0,0.0,0.0
1189,64,0.0,0,0.0,0.0,0.0
1219,32,0.0,0,0.0,0.0,0.0
1233,32,0.0,0,0.0,0.0,0.0
1238,32,0.0,0,0.0,0.0,0.0
1248,32,0.0,0,0.0,0.0,0.0
1253,32,0.0,0,0.0,0.0,0.0
1264,32,0.0,0,0.0,0.0,0.0
1265,32,0.0,0,0.0,0.0,0.0
1267,32,0.0,0,0.0,0.0,0.0
1277,32,0.0,0,0.0,0.0,0.0
1292,32,0.0,0,0.0,0.0,0.0
1294,32,0.0,0,0.0,0.0,0.0
1296,32,0.0,0,0.0,0.0,0.0
1318,32,0.0,0,0.0,0.0,0.0
1322,32,0.0,0,0.0,0.0,0.0
1335,32,0.0,0,0.0,0.0,0.0
1349,32,0.0,0,0.0,0.0,0.0
1351,32,0.0,0,0.0,0.0,0.0
1360,32,0.0,0,0.0,0.0,0.0
1377,32,0.0,0,0.0,0.0,0.0
1383,32,0.0,0,0.0,0.0,0.0
1387,32,0.0,0,0.0,0.0,0.0
1389,32,0.0,0,0.0,0.0,0.0
1405,32,0.0,0,0.0,0.0,0.0
1413,32,0.0,0,0.0,0.0,0.0
1418,32,0.0,0,0.0,0.0,0.0
1425,32,0.0,0,0.0,0.0,0.0
1448,32,0.0,0,0.0,0.0,0.0
1450,32,0.0,0,0.0,0.0,0.0
1461,32,0.0,0,0.0,0.0,0.0
1462,32,0.0,0,0.0,0.0,0.0
1467,32,0.0,0,0.0,0.0,0.0
1469,32,0.0,0,0.0,0.0,0.0
1488,32,0.0,0,0.0,0.0,0.0
1505,32,0.0,0,0.0,0.0,0.0
1507,32,0.0,0,0.0,0.0,0.0
1525,32,0.0,0,0.0,0.0,0.0
1533,32,0.0,0,0.0,0.0,0.0
1550,32,0.0,0,0.0,0.0,0.0
1554,32,0.0,0,0.0,0.0,0.0
1559,32,0.0,0,0.0,0.0,0.0
1560,32,0.0,0,0.0,0.0,0.0
1562,32,0.0,0,0.0,0.0,0.0
1570,32,0.0,0,0.0,0.0,0.0
1588,32,0.0,0,0.0,0.0,0.0
1592,32,0.0,0,0.0,0.0,0.0
1594,32,0.0,0,0.0,0.0,0.0
1599,32,0.0,0,0.0,0.0,0.0
1602,32,0.0,0,0.0,0.0,0.0
1609,32,0.0,0,0.0,0.0,0.0
1614,32,0.0,0,0.0,0.0,0.0
1623,32,0.0,0,0.0,0.0,0.0
1625,32,0.0,0,0.0,0.0,0.0
1626,32,0.0,0,0.0,0.0,0.0
1628,32,0.0,0,0.0,0.0,0.0
1629,32,0.0,0,0.0,0.0,0.0
1632,32,0.0,0,0.0,0.0,0.0
1644,32,0.0,0,0.0,0.0,0.0
1648,32,0.0,0,0.0,0.0,0.0
1655,32,0.0,0,0.0,0.0,0.0
1680,32,0.0,0,0.0,0.0,0.0
1723,32,0.0,0,0.0,0.0,0.0
1739,32,0.0,0,0.0,0.0,0.0
1749,32,0.0,0,0.0,0.0,0.0
1751,32,0.0,0,0.0,0.0,0.0
1768,32,0.0,0,0.0,0.0,0.0
1769,32,0.0,0,0.0,0.0,0.0
1780,32,0.0,0,0.0,0.0,0.0
1781,32,0.0,0,0.0,0.0,0.0
1798,32,0.0,0,0.0,0.0,0.0
1815,32,0.0,0,0.0,0.0,0.0
1833,32,0.0,0,0.0,0.0,0.0
1838,32,0.0,0,0.0,0.0,0.0
1850,32,0.0,0,0.0,0.0,0.0
1858,32,0.0,0,0.0,0.0,0.0
1870,32,0.0,0,0.0,0.0,0.0
1884,32,0.0,0,0.0,0.0,0.0
1889,32,0.0,0,0.0,0.0,0.0
1917,32,0.0,0,0.0,0.0,0.0
1927,32,0.0,0,0.0,0.0,0.0
1933,32,0.0,0,0.0,0.0,0.0
1935,32,0.0,0,0.0,0.0,0.0
1952,32,0.0,0,0.0,0.0,0.0
1969,32,0.0,0,0.0,0.0,0.0
1983,32,0.0,0,0.0,0.0,0.0
1991,32,0.0,0,0.0,0.0,0.0
2053,32,0.0,0,0.0,0.0,0.0
2064,32,0.0,0,0.0,0.0,0.0
2065,32,0.0,0,0.0,0.0,0.0
2071,32,0.0,0,0.0,0.0,0.0
2080,32,0.0,0,0.0,0.0,0.0
2086,32,0.0,0,0.0,0.0,0.0
2095,32,0.0,0,0.0,0.0,0.0
2140,32,0.0,0,0.0,0.0,0.0
2142,32,0.0,0,0.0,0.0,0.0
2148,32,0.0,0,0.0,0.0,0.0
2149,32,0.0,0,0.0,0.0,0.0
2196,32,0.0,0,0.0,0.0,0.0
2207,32,0.0,0,0.0,0.0,0.0
2208,32,0.0,0,0.0,0.0,0.0
2211,32,0.0,0,0.0,0.0,0.0
2226,32,0.0,0,0.0,0.0,0.0
2239,32,0.0,0,0.0,0.0,0.0
2248,32,0.0,0,0.0,0.0,0.0
2279,32,0.0,0,0.0,0.0,0.0
2281,32,0.0,0,0.0,0.0,0.0
2300,32,0.0,0,0.0,0.0,0.0
2305,32,0.0,0,0.0,0.0,0.0
2320,32,0.0,0,0.0,0.0,0.0
2324,32,0.0,0,0.0,0.0,0.0
2342,32,0.0,0,0.0,0.0,0.0
2355,32,0.0,0,0.0,0.0,0.0
2360,32,0.0,0,0.0,0.0,0.0
2379,32,0.0,0,0.0,0.0,0.0
2391,32,0.0,0,0.0,0.0,0.0
2395,32,0.0,0,0.0,0.0,0.0
2396,32,0.0,0,0.0,0.0,0.0
2398,32,0.0,0,0.0,0.0,0.0
2399,32,0.0,0,0.0,0.0,0.0
2416,32,0.0,0,0.0,0.0,0.0
2418,32,0.0,0,0.0,0.0,0.0
2427,32,0.0,0,0.0,0.0,0.0
2429,32,0.0,0,0.0,0.0,0.0
2430,32,0.0,0,0.0,0.0,0.0
2436,32,0.0,0,0.0,0.0,0.0
2464,32,0.0,0,0.0,0.0,0.0
2465,32,0.0,0,0.0,0.0,0.0
2469,32,0.0,0,0.0,0.0,0.0
2474,32,0.0,0,0.0,0.0,0.0
2477,32,0.0,0,0.0,0.0,0.0
2479,32,0.0,0,0.0,0.0,0.0
2288,32,1.7128860416916463e-05,1,-1.9764448841262441e-07,-5.541780748770911e-08,2.3766585108257043e-07
